Species,longitude,latitude
GreatHornbill,78.876123,29.529504
GreatHornbill,89.453698,26.73029
GreatHornbill,78.905804,29.458648
GreatHornbill,76.696533,10.533573
GreatHornbill,91.807551,25.88772
GreatHornbill,74.358755,14.998189
GreatHornbill,76.968885,10.268303
GreatHornbill,74.119885,15.656181
GreatHornbill,74.119885,15.656181
GreatHornbill,88.3469,26.81692
GreatHornbill,77.98171,30.28035
GreatHornbill,77.026048,10.329865
GreatHornbill,76.93441,10.3563
GreatHornbill,76.634209,10.30351
GreatHornbill,79.074463,29.603212
GreatHornbill,79.094589,29.321577
GreatHornbill,74.2297,15.568309
GreatHornbill,77.180328,9.576376
GreatHornbill,73.612534,15.909076
GreatHornbill,78.047581,30.207015
GreatHornbill,76.754587,10.127357
GreatHornbill,76.913728,11.366133
GreatHornbill,76.934381,10.35776
GreatHornbill,93.026583,27.062642
GreatHornbill,74.238052,15.435413
GreatHornbill,92.812097,27.087146
GreatHornbill,77.395189,9.561406
GreatHornbill,74.238052,15.435413
GreatHornbill,76.018825,11.91976
GreatHornbill,74.406518,14.855379
GreatHornbill,76.755514,10.302364
GreatHornbill,76.85125,10.279
GreatHornbill,74.334941,14.900939
GreatHornbill,76.938318,10.324071
GreatHornbill,77.180328,9.576376
GreatHornbill,76.56769,10.29689
GreatHornbill,74.456265,14.869579
GreatHornbill,76.56769,10.29689
GreatHornbill,74.648945,15.084928
GreatHornbill,77.026048,10.329865
GreatHornbill,76.634209,10.30351
GreatHornbill,73.962107,15.351139
GreatHornbill,76.934381,10.35776
GreatHornbill,76.362011,11.457231
GreatHornbill,76.56769,10.29689
GreatHornbill,76.68677,10.937063
GreatHornbill,76.754587,10.127357
GreatHornbill,74.258201,15.437273
GreatHornbill,76.68677,10.937063
GreatHornbill,73.603745,16.410117
GreatHornbill,74.334941,14.900939
GreatHornbill,79.140331,29.49405
GreatHornbill,79.094589,29.321577
GreatHornbill,76.638694,10.336958
GreatHornbill,76.638694,10.336958
GreatHornbill,92.812097,27.087146
GreatHornbill,89.550827,26.721892
GreatHornbill,92.956662,26.959406
GreatHornbill,93.339123,26.63457
GreatHornbill,92.95299,26.948454
GreatHornbill,76.696533,10.533573
GreatHornbill,92.956662,26.959406
GreatHornbill,74.249425,15.440195
GreatHornbill,78.973604,29.539193
GreatHornbill,79.147422,29.480071
GreatHornbill,92.812097,27.087146
GreatHornbill,79.106621,29.545087
GreatHornbill,76.934381,10.35776
GreatHornbill,76.961117,10.351623
GreatHornbill,78.973604,29.539193
GreatHornbill,76.985744,10.444807
GreatHornbill,76.628802,10.519923
GreatHornbill,76.844087,10.470088
GreatHornbill,93.403422,26.58167
GreatHornbill,76.638694,10.336958
GreatHornbill,96.388454,27.494897
GreatHornbill,76.844087,10.470088
GreatHornbill,74.200115,15.410996
GreatHornbill,76.640024,11.570584
GreatHornbill,92.98067,26.9312
GreatHornbill,92.406569,27.066591
GreatHornbill,92.956662,26.959406
GreatHornbill,76.881509,10.510176
GreatHornbill,76.638694,10.336958
GreatHornbill,96.388454,27.494897
GreatHornbill,93.398209,26.643776
GreatHornbill,78.973604,29.539193
GreatHornbill,92.853699,26.950963
GreatHornbill,96.281819,27.502562
GreatHornbill,96.388454,27.494897
GreatHornbill,78.973604,29.539193
GreatHornbill,96.281819,27.502562
GreatHornbill,76.638694,10.336958
GreatHornbill,78.973604,29.539193
GreatHornbill,93.394904,26.584996
GreatHornbill,79.147422,29.480071
GreatHornbill,96.281819,27.502562
GreatHornbill,92.812097,27.087146
GreatHornbill,76.844087,10.470088
GreatHornbill,93.452357,26.594323
GreatHornbill,80.805918,28.359449
GreatHornbill,89.550827,26.721892
GreatHornbill,92.812097,27.087146
GreatHornbill,77.997823,30.344436
GreatHornbill,76.985744,10.444807
GreatHornbill,93.400215,26.58055
GreatHornbill,93.398209,26.643776
GreatHornbill,92.853699,26.950963
GreatHornbill,79.122472,29.395231
GreatHornbill,76.976721,10.362441
GreatHornbill,76.934381,10.35776
GreatHornbill,92.812097,27.087146
GreatHornbill,91.019025,26.738358
GreatHornbill,92.812097,27.087146
GreatHornbill,76.620324,10.348837
GreatHornbill,88.403592,26.914797
GreatHornbill,92.956662,26.959406
GreatHornbill,92.406569,27.066591
GreatHornbill,76.668563,10.287421
GreatHornbill,96.281819,27.502562
GreatHornbill,92.812097,27.087146
GreatHornbill,76.668563,10.287421
GreatHornbill,92.804663,26.88634
GreatHornbill,96.388454,27.494897
GreatHornbill,92.812097,27.087146
GreatHornbill,92.812097,27.087146
GreatHornbill,92.972821,26.943264
GreatHornbill,93.398209,26.643776
GreatHornbill,79.094589,29.321577
GreatHornbill,79.187737,29.366244
GreatHornbill,92.860351,26.92559
GreatHornbill,76.638694,10.336958
GreatHornbill,78.973604,29.539193
GreatHornbill,76.638694,10.336958
GreatHornbill,91.003322,26.677602
GreatHornbill,79.22533,29.377927
GreatHornbill,93.31,26.4
GreatHornbill,76.628802,10.519923
GreatHornbill,79.053841,29.481926
GreatHornbill,92.812097,27.087146
GreatHornbill,76.638694,10.336958
GreatHornbill,78.862036,29.586357
GreatHornbill,88.403592,26.914797
GreatHornbill,92.812097,27.087146
GreatHornbill,79.053841,29.481926
GreatHornbill,76.620324,10.348837
GreatHornbill,88.403592,26.914797
GreatHornbill,92.812097,27.087146
GreatHornbill,96.388454,27.494897
GreatHornbill,78.973604,29.539193
GreatHornbill,92.956662,26.959406
GreatHornbill,76.638694,10.336958
GreatHornbill,79.133462,29.417268
GreatHornbill,92.853699,26.950963
GreatHornbill,92.812097,27.087146
GreatHornbill,76.886551,10.472283
GreatHornbill,79.147422,29.480071
GreatHornbill,96.388454,27.494897
GreatHornbill,76.580785,10.325506
GreatHornbill,79.147422,29.480071
GreatHornbill,74.138395,15.359537
GreatHornbill,92.956662,26.959406
GreatHornbill,96.281819,27.502562
GreatHornbill,93.171101,26.577551
GreatHornbill,76.46597,10.311689
GreatHornbill,76.620324,10.348837
GreatHornbill,76.580785,10.325506
GreatHornbill,92.812097,27.087146
GreatHornbill,76.638694,10.336958
GreatHornbill,92.812097,27.087146
GreatHornbill,92.812097,27.087146
GreatHornbill,96.388454,27.494897
GreatHornbill,76.969154,10.457755
GreatHornbill,76.969154,10.457755
GreatHornbill,76.696533,10.533573
GreatHornbill,78.973604,29.539193
GreatHornbill,96.388454,27.494897
GreatHornbill,96.388454,27.494897
GreatHornbill,76.638694,10.336958
GreatHornbill,96.281819,27.502562
GreatHornbill,96.388454,27.494897
GreatHornbill,92.812097,27.087146
GreatHornbill,92.812097,27.087146
GreatHornbill,76.629733,10.309372
GreatHornbill,79.147422,29.480071
GreatHornbill,76.638694,10.336958
GreatHornbill,96.388454,27.494897
GreatHornbill,76.810437,10.423532
GreatHornbill,79.147422,29.480071
GreatHornbill,93.394904,26.584996
GreatHornbill,92.853699,26.950963
GreatHornbill,92.5,27.2
GreatHornbill,79.147422,29.480071
GreatHornbill,79.140331,29.49405
GreatHornbill,76.844087,10.470088
GreatHornbill,79.31689,29.423376
GreatHornbill,92.956662,26.959406
GreatHornbill,76.46597,10.311689
GreatHornbill,79.141232,29.493878
GreatHornbill,93.398209,26.643776
GreatHornbill,92.812097,27.087146
GreatHornbill,79.098319,29.527975
GreatHornbill,88.403592,26.914797
GreatHornbill,76.961117,10.351623
GreatHornbill,79.141232,29.493878
GreatHornbill,96.388454,27.494897
GreatHornbill,92.853699,26.950963
GreatHornbill,92.812097,27.087146
GreatHornbill,89.550827,26.721892
GreatHornbill,93.403422,26.58167
GreatHornbill,92.812097,27.087146
GreatHornbill,77.176938,8.695493
GreatHornbill,76.844087,10.470088
GreatHornbill,79.21462,29.37775
GreatHornbill,91.019025,26.738358
GreatHornbill,91.740582,26.151997
GreatHornbill,79.109926,29.565208
GreatHornbill,79.053841,29.481926
GreatHornbill,79.701219,29.123776
GreatHornbill,76.982639,10.357054
GreatHornbill,77.973506,30.282495
GreatHornbill,75.869136,11.873987
GreatHornbill,79.109802,29.551682
GreatHornbill,79.3609,29.321128
GreatHornbill,79.053841,29.481926
GreatHornbill,76.953735,10.329072
GreatHornbill,76.962575,10.337042
GreatHornbill,76.702981,10.298433
GreatHornbill,79.704931,29.133696
GreatHornbill,76.835074,10.306786
GreatHornbill,76.952854,10.40931
GreatHornbill,79.109926,29.565208
GreatHornbill,91.019025,26.738358
GreatHornbill,93.41946,26.649729
GreatHornbill,74.751685,14.849511
GreatHornbill,79.053841,29.481926
GreatHornbill,76.667941,10.315553
GreatHornbill,92.812097,27.087146
GreatHornbill,77.151893,9.56191
GreatHornbill,92.828035,26.924901
GreatHornbill,79.0737,29.602809
GreatHornbill,92.812097,27.087146
GreatHornbill,92.82795,26.924189
GreatHornbill,77.007628,10.290205
GreatHornbill,79.109926,29.565208
GreatHornbill,76.835074,10.306786
GreatHornbill,92.812097,27.087146
GreatHornbill,79.094589,29.321577
GreatHornbill,92.82795,26.924189
GreatHornbill,93.398209,26.643776
GreatHornbill,76.589459,11.20705
GreatHornbill,76.968513,10.322553
GreatHornbill,92.828035,26.924901
GreatHornbill,79.109926,29.565208
GreatHornbill,79.075298,29.440345
GreatHornbill,91.019025,26.738358
GreatHornbill,79.141206,29.494448
GreatHornbill,89.599995,26.698431
GreatHornbill,79.189597,29.364858
GreatHornbill,79.323541,29.426342
GreatHornbill,79.109926,29.565208
GreatHornbill,76.994569,10.374475
GreatHornbill,79.27,29.23
GreatHornbill,76.994569,10.374475
GreatHornbill,93.41946,26.649729
GreatHornbill,76.996334,10.376197
GreatHornbill,92.853699,26.950963
GreatHornbill,93.394432,26.579652
GreatHornbill,79.053841,29.481926
GreatHornbill,76.994569,10.374475
GreatHornbill,78.203559,29.963662
GreatHornbill,79.109926,29.565208
GreatHornbill,75.869908,11.952258
GreatHornbill,92.812097,27.087146
GreatHornbill,92.812097,27.087146
GreatHornbill,76.667941,10.315553
GreatHornbill,79.075298,29.440345
GreatHornbill,91.019025,26.738358
GreatHornbill,76.982639,10.357054
GreatHornbill,91.019025,26.738358
GreatHornbill,79.053841,29.481926
GreatHornbill,94.346595,26.682013
GreatHornbill,92.853699,26.950963
GreatHornbill,76.669147,10.285708
GreatHornbill,92.812097,27.087146
GreatHornbill,79.187737,29.366244
GreatHornbill,92.853699,26.950963
GreatHornbill,93.266338,26.615357
GreatHornbill,79.109926,29.565208
GreatHornbill,92.812097,27.087146
GreatHornbill,91.019025,26.738358
GreatHornbill,76.952854,10.40931
GreatHornbill,92.812097,27.087146
GreatHornbill,76.953735,10.329072
GreatHornbill,76.952854,10.40931
GreatHornbill,76.673799,10.495745
GreatHornbill,77.151893,9.56191
GreatHornbill,92.812097,27.087146
GreatHornbill,92.812097,27.087146
GreatHornbill,92.812097,27.087146
GreatHornbill,79.109926,29.565208
GreatHornbill,78.762918,29.509089
GreatHornbill,92.853699,26.950963
GreatHornbill,76.996334,10.376197
GreatHornbill,93.41946,26.649729
GreatHornbill,92.812097,27.087146
GreatHornbill,76.953735,10.329072
GreatHornbill,91.211755,26.753811
GreatHornbill,91.108636,26.789443
GreatHornbill,92.828035,26.924901
GreatHornbill,74.249425,15.440195
GreatHornbill,76.933204,10.357589
GreatHornbill,76.844087,10.470088
GreatHornbill,76.903583,10.341089
GreatHornbill,79.094589,29.321577
GreatHornbill,96.099412,27.58844
GreatHornbill,96.099412,27.58844
GreatHornbill,92.812097,27.087146
GreatHornbill,79.22533,29.377927
GreatHornbill,91.019025,26.738358
GreatHornbill,80.571223,28.435907
GreatHornbill,93.339123,26.63457
GreatHornbill,76.903583,10.341089
GreatHornbill,74.125582,15.649969
GreatHornbill,74.125582,15.649969
GreatHornbill,79.095039,29.595775
GreatHornbill,76.934381,10.35776
GreatHornbill,76.903583,10.341089
GreatHornbill,92.828035,26.924901
GreatHornbill,76.6495,10.747691
GreatHornbill,77.080807,9.434944
GreatHornbill,74.560711,15.199469
GreatHornbill,74.3895,15.64558
GreatHornbill,78.905804,29.458648
GreatHornbill,79.23799,29.356145
GreatHornbill,79.364205,29.344023
GreatHornbill,92.812097,27.087146
GreatHornbill,74.249425,15.440195
GreatHornbill,92.828035,26.924901
GreatHornbill,91.003322,26.677602
GreatHornbill,78.905804,29.458648
GreatHornbill,79.053841,29.481926
GreatHornbill,91.019025,26.738358
GreatHornbill,96.397305,27.540636
GreatHornbill,79.095039,29.595775
GreatHornbill,79.364205,29.344023
GreatHornbill,76.844087,10.470088
GreatHornbill,92.828035,26.924901
GreatHornbill,76.953735,10.329072
GreatHornbill,77.004676,10.455571
GreatHornbill,79.364205,29.344023
GreatHornbill,78.905804,29.458648
GreatHornbill,91.020275,26.746214
GreatHornbill,80.571223,28.435907
GreatHornbill,76.952064,10.325715
GreatHornbill,76.844087,10.470088
GreatHornbill,76.844087,10.470088
GreatHornbill,92.828035,26.924901
GreatHornbill,79.052253,29.407731
GreatHornbill,76.849151,10.281309
GreatHornbill,78.862036,29.586357
GreatHornbill,79.027321,29.575207
GreatHornbill,78.905804,29.458648
GreatHornbill,77.180575,9.578344
GreatHornbill,92.828035,26.924901
GreatHornbill,74.3895,15.64558
GreatHornbill,91.019025,26.738358
GreatHornbill,93.171007,26.577599
GreatHornbill,92.877723,26.932578
GreatHornbill,76.844087,10.470088
GreatHornbill,76.844087,10.470088
GreatHornbill,93.411937,26.570289
GreatHornbill,78.862036,29.586357
GreatHornbill,76.849151,10.281309
GreatHornbill,79.364205,29.344023
GreatHornbill,76.844087,10.470088
GreatHornbill,74.3895,15.64558
GreatHornbill,77.174792,9.590425
GreatHornbill,76.934381,10.35776
GreatHornbill,78.20755,29.962073
GreatHornbill,93.398209,26.643776
GreatHornbill,76.681653,10.962766
GreatHornbill,92.853699,26.950963
GreatHornbill,74.3895,15.64558
GreatHornbill,92.828035,26.924901
GreatHornbill,93.398209,26.643776
GreatHornbill,80.564525,28.536161
GreatHornbill,74.31055,15.55417
GreatHornbill,91.019025,26.738358
GreatHornbill,76.92627,10.371668
GreatHornbill,76.903583,10.341089
GreatHornbill,80.70282,28.497057
GreatHornbill,76.903583,10.341089
GreatHornbill,79.22533,29.377927
GreatHornbill,74.3474,15.54543
GreatHornbill,78.316687,29.851485
GreatHornbill,77.179595,9.577471
GreatHornbill,78.316687,29.851485
GreatHornbill,78.959985,29.431749
GreatHornbill,79.222286,29.408285
GreatHornbill,76.667871,10.524565
GreatHornbill,79.22533,29.377927
GreatHornbill,74.28661,15.57425
GreatHornbill,79.053841,29.481926
GreatHornbill,78.31026,29.8478
GreatHornbill,76.858699,10.283653
GreatHornbill,76.903583,10.341089
GreatHornbill,92.84831,26.93725
GreatHornbill,91.019025,26.738358
GreatHornbill,79.192018,29.36663
GreatHornbill,74.31055,15.55417
GreatHornbill,76.903583,10.341089
GreatHornbill,76.92627,10.371668
GreatHornbill,74.3474,15.54543
GreatHornbill,76.915015,11.525022
GreatHornbill,76.92627,10.371668
GreatHornbill,76.858699,10.283653
GreatHornbill,92.853699,26.950963
GreatHornbill,79.222286,29.408285
GreatHornbill,74.3474,15.54543
GreatHornbill,74.28661,15.57425
GreatHornbill,76.729015,11.41912
GreatHornbill,76.858699,10.283653
GreatHornbill,77.02107,10.330963
GreatHornbill,91.019025,26.738358
GreatHornbill,76.92627,10.371668
GreatHornbill,79.22533,29.377927
GreatHornbill,74.31055,15.55417
GreatHornbill,74.106174,15.44185
GreatHornbill,79.381325,29.330875
GreatHornbill,79.053841,29.481926
GreatHornbill,76.640024,11.570584
GreatHornbill,78.31026,29.8478
GreatHornbill,79.22533,29.377927
GreatHornbill,80.70282,28.497057
GreatHornbill,79.131088,29.398328
GreatHornbill,74.28661,15.57425
GreatHornbill,91.019025,26.738358
GreatHornbill,76.991029,10.360769
GreatHornbill,88.792105,26.752034
GreatHornbill,79.053841,29.481926
GreatHornbill,76.903583,10.341089
GreatHornbill,76.903583,10.341089
GreatHornbill,79.048026,30.345909
GreatHornbill,74.31055,15.55417
GreatHornbill,78.31026,29.8478
GreatHornbill,91.019025,26.738358
GreatHornbill,76.756418,11.213194
GreatHornbill,79.222286,29.408285
GreatHornbill,91.023049,26.714023
GreatHornbill,79.095039,29.595775
GreatHornbill,76.991029,10.360769
GreatHornbill,74.28661,15.57425
GreatHornbill,76.92627,10.371668
GreatHornbill,79.22533,29.377927
GreatHornbill,79.131088,29.398328
GreatHornbill,76.903583,10.341089
GreatHornbill,76.400943,11.446882
GreatHornbill,76.729015,11.41912
GreatHornbill,91.019025,26.738358
GreatHornbill,91.019025,26.738358
GreatHornbill,77.236633,9.467011
GreatHornbill,76.903583,10.341089
GreatHornbill,91.019025,26.738358
GreatHornbill,73.426577,18.445952
GreatHornbill,79.053841,29.481926
GreatHornbill,76.982639,10.357054
GreatHornbill,78.905804,29.458648
GreatHornbill,93.398209,26.643776
GreatHornbill,76.66911,10.28578
GreatHornbill,79.22533,29.377927
GreatHornbill,74.125582,15.649969
GreatHornbill,73.401107,18.436754
GreatHornbill,79.22533,29.377927
GreatHornbill,76.66911,10.28578
GreatHornbill,79.053841,29.481926
GreatHornbill,75.556111,12.995275
GreatHornbill,76.66911,10.28578
GreatHornbill,76.982639,10.357054
GreatHornbill,78.905804,29.458648
GreatHornbill,74.599571,15.257921
GreatHornbill,79.22533,29.377927
GreatHornbill,74.112396,15.615101
GreatHornbill,74.125582,15.649969
GreatHornbill,79.22533,29.377927
GreatHornbill,73.485832,18.475702
GreatHornbill,79.22533,29.377927
GreatHornbill,79.053841,29.481926
GreatHornbill,76.982639,10.357054
GreatHornbill,78.905804,29.458648
GreatHornbill,79.22533,29.377927
GreatHornbill,78.905804,29.458648
GreatHornbill,76.982639,10.357054
GreatHornbill,76.982639,10.357054
GreatHornbill,79.053841,29.481926
GreatHornbill,76.982639,10.357054
GreatHornbill,76.982639,10.357054
GreatHornbill,76.985479,10.346116
GreatHornbill,74.125582,15.649969
GreatHornbill,79.330173,29.294184
GreatHornbill,79.22533,29.377927
GreatHornbill,77.169178,9.589027
GreatHornbill,76.638688,10.368568
GreatHornbill,76.975271,11.421475
GreatHornbill,79.330173,29.294184
GreatHornbill,76.844087,10.470088
GreatHornbill,79.330173,29.294184
GreatHornbill,76.844087,10.470088
GreatHornbill,77.051378,10.122661
GreatHornbill,76.638688,10.368568
GreatHornbill,79.381325,29.330875
GreatHornbill,79.381325,29.330875
GreatHornbill,79.22533,29.377927
GreatHornbill,78.905804,29.458648
GreatHornbill,76.638688,10.368568
GreatHornbill,76.638688,10.368568
GreatHornbill,79.330173,29.294184
GreatHornbill,76.903583,10.341089
GreatHornbill,73.627043,18.150331
GreatHornbill,76.634209,10.30351
GreatHornbill,76.844087,10.470088
GreatHornbill,76.647819,11.533682
GreatHornbill,76.844087,10.470088
GreatHornbill,76.817756,10.304819
GreatHornbill,76.748279,10.920484
GreatHornbill,76.756252,10.926661
GreatHornbill,79.330173,29.294184
GreatHornbill,76.817756,10.304819
GreatHornbill,76.817756,10.304819
GreatHornbill,76.75699,10.928853
GreatHornbill,79.330173,29.294184
GreatHornbill,76.817756,10.304819
GreatHornbill,76.817756,10.304819
GreatHornbill,76.844087,10.470088
GreatHornbill,91.019025,26.738358
GreatHornbill,76.817756,10.304819
GreatHornbill,76.756418,11.213194
GreatHornbill,76.75699,10.928853
GreatHornbill,76.75699,10.928853
GreatHornbill,76.886551,10.472283
GreatHornbill,76.694827,11.405154
GreatHornbill,74.252987,15.119193
GreatHornbill,73.78238,16.401408
GreatHornbill,79.131088,29.398328
GreatHornbill,79.355898,29.322784
GreatHornbill,74.252987,15.119193
GreatHornbill,79.363724,29.326372
GreatHornbill,76.987145,10.432759
GreatHornbill,76.931495,10.357602
GreatHornbill,78.254832,30.023966
GreatHornbill,79.192293,29.366602
GreatHornbill,76.934381,10.35776
GreatHornbill,79.131088,29.398328
GreatHornbill,78.783989,29.534254
GreatHornbill,79.131088,29.398328
GreatHornbill,79.33559,29.2982
GreatHornbill,73.675509,15.840179
GreatHornbill,79.3609,29.321128
GreatHornbill,79.131088,29.398328
GreatHornbill,76.886551,10.472283
GreatHornbill,76.965087,10.303873
GreatHornbill,79.363724,29.326372
GreatHornbill,76.817756,10.304819
GreatHornbill,74.252987,15.119193
GreatHornbill,79.33559,29.2982
GreatHornbill,79.355898,29.322784
GreatHornbill,73.962107,15.351139
GreatHornbill,92.913287,26.989907
GreatHornbill,76.934381,10.35776
GreatHornbill,76.933204,10.357589
GreatHornbill,76.93471,10.357433
GreatHornbill,79.234922,29.361381
GreatHornbill,92.913287,26.989907
GreatHornbill,76.881682,11.398606
GreatHornbill,76.933204,10.357589
GreatHornbill,92.409096,23.691902
GreatHornbill,74.358755,14.998189
GreatHornbill,76.926329,10.37204
GreatHornbill,79.236982,29.368675
GreatHornbill,79.334266,29.308129
GreatHornbill,79.234922,29.361381
GreatHornbill,76.92627,10.371668
GreatHornbill,92.416649,23.684096
GreatHornbill,76.926111,10.371641
GreatHornbill,79.234922,29.361381
GreatHornbill,79.189597,29.364858
GreatHornbill,79.189597,29.364858
GreatHornbill,76.381747,11.472576
GreatHornbill,76.926111,10.371641
GreatHornbill,73.962107,15.351139
GreatHornbill,76.881682,11.398606
GreatHornbill,76.931495,10.357602
GreatHornbill,92.913287,26.989907
GreatHornbill,76.926329,10.37204
GreatHornbill,76.926111,10.371641
GreatHornbill,79.075298,29.440345
GreatHornbill,79.234922,29.361381
GreatHornbill,76.6936,10.5354
GreatHornbill,79.381325,29.330875
GreatHornbill,76.933204,10.357589
GreatHornbill,76.92627,10.371668
GreatHornbill,76.881682,11.398606
GreatHornbill,73.940134,15.37615
GreatHornbill,79.053841,29.481926
GreatHornbill,79.075298,29.440345
GreatHornbill,76.926329,10.37204
GreatHornbill,92.812097,27.087146
GreatHornbill,76.933204,10.357589
GreatHornbill,76.690064,10.522919
GreatHornbill,79.075298,29.440345
GreatHornbill,76.926329,10.37204
GreatHornbill,79.075298,29.440345
GreatHornbill,79.250758,29.315254
GreatHornbill,76.926111,10.371641
GreatHornbill,76.92627,10.371668
GreatHornbill,76.93471,10.357433
GreatHornbill,90.963535,26.299725
GreatHornbill,79.189597,29.364858
GreatHornbill,88.307869,26.869636
GreatHornbill,76.933204,10.357589
GreatHornbill,76.690064,10.522919
GreatHornbill,76.92627,10.371668
GreatHornbill,79.234922,29.361381
GreatHornbill,73.962107,15.351139
GreatHornbill,76.93471,10.357433
GreatHornbill,76.933204,10.357589
GreatHornbill,76.46199,10.439633
GreatHornbill,92.913287,26.989907
GreatHornbill,92.853699,26.950963
GreatHornbill,76.860666,11.415647
GreatHornbill,77.082481,9.439828
GreatHornbill,78.862036,29.586357
GreatHornbill,73.644214,17.721313
GreatHornbill,77.15403,9.44613
GreatHornbill,77.113681,9.529683
GreatHornbill,96.300603,27.504245
GreatHornbill,77.180688,9.578894
GreatHornbill,79.14484,29.451387
GreatHornbill,92.812097,27.087146
GreatHornbill,92.913287,26.989907
GreatHornbill,77.15403,9.44613
GreatHornbill,73.962107,15.351139
GreatHornbill,74.185181,15.525062
GreatHornbill,79.15349,29.471299
GreatHornbill,79.145285,29.451471
GreatHornbill,79.053841,29.481926
GreatHornbill,77.180203,9.587585
GreatHornbill,74.273479,15.082114
GreatHornbill,92.913287,26.989907
GreatHornbill,92.812097,27.087146
GreatHornbill,74.115174,15.201498
GreatHornbill,92.913287,26.989907
GreatHornbill,78.862036,29.586357
GreatHornbill,76.92796,10.26055
GreatHornbill,76.92796,10.26055
GreatHornbill,76.984828,10.289722
GreatHornbill,92.812097,27.087146
GreatHornbill,73.998541,15.567741
GreatHornbill,92.812097,27.087146
GreatHornbill,76.966943,10.26924
GreatHornbill,76.071932,11.947094
GreatHornbill,78.905804,29.458648
GreatHornbill,92.913287,26.989907
GreatHornbill,93.266338,26.615357
GreatHornbill,74.201278,15.583496
GreatHornbill,89.6087,26.703832
GreatHornbill,92.812097,27.087146
GreatHornbill,77.180688,9.578894
GreatHornbill,77.15403,9.44613
GreatHornbill,79.256113,29.437976
GreatHornbill,77.15403,9.44613
GreatHornbill,73.38608,17.43399
GreatHornbill,77.259507,10.147677
GreatHornbill,76.860666,11.415647
GreatHornbill,76.896701,9.069128
GreatHornbill,73.38608,17.43399
GreatHornbill,79.094589,29.321577
GreatHornbill,93.266338,26.615357
GreatHornbill,76.966943,10.26924
GreatHornbill,92.812097,27.087146
GreatHornbill,92.812097,27.087146
GreatHornbill,96.209874,27.494771
GreatHornbill,95.518398,27.350479
GreatHornbill,76.984828,10.289722
GreatHornbill,92.812097,27.087146
GreatHornbill,79.22533,29.377927
GreatHornbill,73.38608,17.43399
GreatHornbill,92.812097,27.087146
GreatHornbill,95.518398,27.350479
GreatHornbill,76.984828,10.289722
GreatHornbill,77.144988,9.464513
GreatHornbill,79.094589,29.321577
GreatHornbill,92.827795,26.924096
GreatHornbill,77.15403,9.44613
GreatHornbill,74.273479,15.082114
GreatHornbill,92.812097,27.087146
GreatHornbill,76.995106,10.358267
GreatHornbill,77.259507,10.147677
GreatHornbill,92.812097,27.087146
GreatHornbill,76.690064,10.522919
GreatHornbill,74.252987,15.119193
GreatHornbill,79.381325,29.330875
GreatHornbill,78.992582,29.423777
GreatHornbill,92.913287,26.989907
GreatHornbill,78.272574,30.018466
GreatHornbill,77.248964,9.523936
GreatHornbill,96.415797,27.465184
GreatHornbill,91.019025,26.738358
GreatHornbill,79.249368,29.436574
GreatHornbill,92.812097,27.087146
GreatHornbill,76.892206,10.298612
GreatHornbill,74.252987,15.119193
GreatHornbill,78.08,30.45
GreatHornbill,96.415797,27.465184
GreatHornbill,96.415797,27.465184
GreatHornbill,79.249368,29.436574
GreatHornbill,96.415797,27.465184
GreatHornbill,78.992582,29.423777
GreatHornbill,76.871166,10.318524
GreatHornbill,92.913287,26.989907
GreatHornbill,76.955972,10.314545
GreatHornbill,96.415797,27.465184
GreatHornbill,74.252987,15.119193
GreatHornbill,91.019025,26.738358
GreatHornbill,76.703636,10.198078
GreatHornbill,77.167253,9.352332
GreatHornbill,76.788511,11.36729
GreatHornbill,92.913287,26.989907
GreatHornbill,74.184701,15.672998
GreatHornbill,92.913287,26.989907
GreatHornbill,93.546249,26.682722
GreatHornbill,76.788511,11.36729
GreatHornbill,93.41946,26.649729
GreatHornbill,76.892206,10.298612
GreatHornbill,77.082385,9.434078
GreatHornbill,77.24988,9.52649
GreatHornbill,76.683333,10.833333
GreatHornbill,76.881498,10.304428
GreatHornbill,76.871166,10.318524
GreatHornbill,76.875211,10.31001
GreatHornbill,76.984828,10.289722
GreatHornbill,96.415797,27.465184
GreatHornbill,79.104223,29.546916
GreatHornbill,92.812097,27.087146
GreatHornbill,73.661646,15.766112
GreatHornbill,96.230081,27.55577
GreatHornbill,76.933204,10.357589
GreatHornbill,76.933204,10.357589
GreatHornbill,92.913287,26.989907
GreatHornbill,96.415797,27.465184
GreatHornbill,93.520517,26.64092
GreatHornbill,93.520517,26.64092
GreatHornbill,96.415797,27.465184
GreatHornbill,96.415797,27.465184
GreatHornbill,92.913287,26.989907
GreatHornbill,95.518398,27.350479
GreatHornbill,78.211991,29.969833
GreatHornbill,76.933204,10.357589
GreatHornbill,93.399992,26.590645
GreatHornbill,93.352847,26.581696
GreatHornbill,93.181315,26.580757
GreatHornbill,77.008502,11.444329
GreatHornbill,96.415797,27.465184
GreatHornbill,96.415797,27.465184
GreatHornbill,76.892206,10.298612
GreatHornbill,96.415797,27.465184
GreatHornbill,78.211309,29.97297
GreatHornbill,96.415797,27.465184
GreatHornbill,92.812097,27.087146
GreatHornbill,76.933204,10.357589
GreatHornbill,92.913287,26.989907
GreatHornbill,77.167253,9.352332
GreatHornbill,76.683333,10.833333
GreatHornbill,76.871166,10.318524
GreatHornbill,96.415797,27.465184
GreatHornbill,78.992582,29.423777
GreatHornbill,93.546249,26.682722
GreatHornbill,95.518398,27.350479
GreatHornbill,77.326471,9.522097
GreatHornbill,76.871166,10.318524
GreatHornbill,77.25476,9.526873
GreatHornbill,74.252987,15.119193
GreatHornbill,88.797472,26.75617
GreatHornbill,76.788511,11.36729
GreatHornbill,93.1711,26.5775
GreatHornbill,77.082385,9.434078
GreatHornbill,96.415797,27.465184
GreatHornbill,96.415797,27.465184
GreatHornbill,92.913287,26.989907
GreatHornbill,91.019025,26.738358
GreatHornbill,78.20755,29.962073
GreatHornbill,96.415797,27.465184
GreatHornbill,93.546249,26.682722
GreatHornbill,92.913287,26.989907
GreatHornbill,78.992582,29.423777
GreatHornbill,90.30551,26.71717
GreatHornbill,77.256197,9.524781
GreatHornbill,93.546249,26.682722
GreatHornbill,93.520517,26.64092
GreatHornbill,76.934381,10.35776
GreatHornbill,76.934381,10.35776
GreatHornbill,76.934381,10.35776
GreatHornbill,93.520517,26.64092
GreatHornbill,96.415797,27.465184
GreatHornbill,93.1711,26.5775
GreatHornbill,76.993089,10.369185
GreatHornbill,93.41946,26.649729
GreatHornbill,76.993089,10.369185
GreatHornbill,76.96308,10.348948
GreatHornbill,92.812097,27.087146
GreatHornbill,92.812097,27.087146
GreatHornbill,79.104223,29.546916
GreatHornbill,92.853699,26.950963
GreatHornbill,76.640024,11.570584
GreatHornbill,74.112396,15.615101
GreatHornbill,76.953735,10.329072
GreatHornbill,96.44165,27.53874
GreatHornbill,96.441646,27.53874
GreatHornbill,76.937599,10.351512
GreatHornbill,76.679624,10.532813
GreatHornbill,93.512844,26.694091
GreatHornbill,89.582959,26.772798
GreatHornbill,76.702815,10.305718
GreatHornbill,96.44165,27.53874
GreatHornbill,92.812097,27.087146
GreatHornbill,76.743611,11.226389
GreatHornbill,96.44165,27.53874
GreatHornbill,76.953735,10.329072
GreatHornbill,76.828508,10.516168
GreatHornbill,74.206295,15.746658
GreatHornbill,76.383133,10.29785
GreatHornbill,76.953735,10.329072
GreatHornbill,76.684055,10.530514
GreatHornbill,77.180328,9.576376
GreatHornbill,93.41946,26.649729
GreatHornbill,76.684055,10.530514
GreatHornbill,76.953735,10.329072
GreatHornbill,76.837944,10.522833
GreatHornbill,93.147261,26.574864
GreatHornbill,78.905804,29.458648
GreatHornbill,76.640024,11.570584
GreatHornbill,74.206295,15.746658
GreatHornbill,93.04535,26.57478
GreatHornbill,96.44165,27.53874
GreatHornbill,78.775604,29.529911
GreatHornbill,74.176941,15.659404
GreatHornbill,76.718614,10.406998
GreatHornbill,93.41946,26.649729
GreatHornbill,78.894453,29.453649
GreatHornbill,77.359028,8.59494
GreatHornbill,78.905804,29.458648
GreatHornbill,76.684055,10.530514
GreatHornbill,92.853699,26.950963
GreatHornbill,92.811942,27.092752
GreatHornbill,96.44165,27.53874
GreatHornbill,74.176941,15.659404
GreatHornbill,76.953735,10.329072
GreatHornbill,76.741047,10.453461
GreatHornbill,76.953735,10.329072
GreatHornbill,96.44165,27.53874
GreatHornbill,96.441646,27.53874
GreatHornbill,76.843306,10.537389
GreatHornbill,96.44165,27.53874
GreatHornbill,79.053841,29.481926
GreatHornbill,78.986206,29.435113
GreatHornbill,96.441646,27.53874
GreatHornbill,76.743611,11.226389
GreatHornbill,76.718614,10.406998
GreatHornbill,89.582959,26.772798
GreatHornbill,96.44165,27.53874
GreatHornbill,76.718614,10.406998
GreatHornbill,93.147261,26.574864
GreatHornbill,76.937599,10.351512
GreatHornbill,76.953735,10.329072
GreatHornbill,77.3065,8.691166
GreatHornbill,77.618638,9.727288
GreatHornbill,77.3065,8.691166
GreatHornbill,79.330173,29.294184
GreatHornbill,78.20755,29.962073
GreatHornbill,76.995921,10.363191
GreatHornbill,79.112678,29.47562
GreatHornbill,76.953735,10.329072
GreatHornbill,76.934381,10.35776
GreatHornbill,76.933204,10.357589
GreatHornbill,79.112678,29.47562
GreatHornbill,76.605236,11.535124
GreatHornbill,76.605236,11.535124
GreatHornbill,76.937599,10.351512
GreatHornbill,74.2297,15.568309
GreatHornbill,76.953735,10.329072
GreatHornbill,88.340163,26.801511
GreatHornbill,92.827795,26.924096
GreatHornbill,74.389973,15.158962
GreatHornbill,79.22533,29.377927
GreatHornbill,79.239416,29.364658
GreatHornbill,78.774765,29.530021
GreatHornbill,89.610329,26.698232
GreatHornbill,79.186157,29.364224
GreatHornbill,76.953735,10.329072
GreatHornbill,93.294525,26.608788
GreatHornbill,76.605236,11.535124
GreatHornbill,93.398209,26.643776
GreatHornbill,78.774765,29.530021
GreatHornbill,79.22533,29.377927
GreatHornbill,79.22533,29.377927
GreatHornbill,74.411342,14.859887
GreatHornbill,79.127269,29.394216
GreatHornbill,76.960291,10.330355
GreatHornbill,76.969194,10.457787
GreatHornbill,92.812097,27.087146
GreatHornbill,92.947698,26.957281
GreatHornbill,79.330173,29.294184
GreatHornbill,79.221618,29.407058
GreatHornbill,74.53228,15.286415
GreatHornbill,76.960291,10.330355
GreatHornbill,79.187281,29.365206
GreatHornbill,76.646161,11.532117
GreatHornbill,79.13833,29.49492
GreatHornbill,79.053841,29.481926
GreatHornbill,78.126397,30.530846
GreatHornbill,79.112678,29.47562
GreatHornbill,76.640024,11.570584
GreatHornbill,76.969194,10.457787
GreatHornbill,76.953735,10.329072
GreatHornbill,79.22533,29.377927
GreatHornbill,79.22533,29.377927
GreatHornbill,92.853699,26.950963
GreatHornbill,79.21462,29.37775
GreatHornbill,93.398209,26.643776
GreatHornbill,79.133462,29.417268
GreatHornbill,77.0228,10.29868
GreatHornbill,76.844087,10.470088
GreatHornbill,74.520586,15.292361
GreatHornbill,79.239416,29.364658
GreatHornbill,76.937599,10.351512
GreatHornbill,74.406796,14.855248
GreatHornbill,76.605236,11.535124
GreatHornbill,79.381325,29.330875
GreatHornbill,93.171385,26.577724
GreatHornbill,76.605236,11.535124
GreatHornbill,79.133462,29.417268
GreatHornbill,76.933204,10.357589
GreatHornbill,79.133462,29.417268
GreatHornbill,76.934381,10.35776
GreatHornbill,76.383133,10.29785
GreatHornbill,79.22533,29.377927
GreatHornbill,76.702815,10.305718
GreatHornbill,76.605236,11.535124
GreatHornbill,93.171385,26.577724
GreatHornbill,76.969194,10.457787
GreatHornbill,92.947698,26.957281
GreatHornbill,79.41985,29.35934
GreatHornbill,74.407021,14.855497
GreatHornbill,76.937599,10.351512
GreatHornbill,76.969194,10.457787
GreatHornbill,76.984034,10.448805
GreatHornbill,79.22533,29.377927
GreatHornbill,76.953735,10.329072
GreatHornbill,79.112678,29.47562
GreatHornbill,76.605236,11.535124
GreatHornbill,92.853699,26.950963
GreatHornbill,92.829636,26.919804
GreatHornbill,79.186157,29.364224
GreatHornbill,79.237365,29.404023
GreatHornbill,77.02238,10.3111
GreatHornbill,76.953735,10.329072
GreatHornbill,76.953735,10.329072
GreatHornbill,77.001522,9.248599
GreatHornbill,79.222427,29.406872
GreatHornbill,76.9697,10.338118
GreatHornbill,76.933204,10.357589
GreatHornbill,93.294525,26.608788
GreatHornbill,79.22533,29.377927
GreatHornbill,76.532607,11.556289
GreatHornbill,76.532607,11.556289
GreatHornbill,76.933204,10.357589
GreatHornbill,76.934381,10.35776
GreatHornbill,73.801754,16.945074
GreatHornbill,76.968713,10.342303
GreatHornbill,74.106174,15.44185
GreatHornbill,92.812097,27.087146
GreatHornbill,92.853699,26.950963
GreatHornbill,91.019025,26.738358
GreatHornbill,88.75963,27.00246
GreatHornbill,76.934381,10.35776
GreatHornbill,76.77569,10.392879
GreatHornbill,93.176551,26.569491
GreatHornbill,93.398209,26.643776
GreatHornbill,93.410865,26.582274
GreatHornbill,92.812097,27.087146
GreatHornbill,76.755316,11.21286
GreatHornbill,92.812097,27.087146
GreatHornbill,76.93679,10.35358
GreatHornbill,93.405362,26.581864
GreatHornbill,92.812097,27.087146
GreatHornbill,77.095451,8.946283
GreatHornbill,92.812097,27.087146
GreatHornbill,96.476808,27.510777
GreatHornbill,88.75963,27.00246
GreatHornbill,76.678611,10.8046
GreatHornbill,92.853699,26.950963
GreatHornbill,93.398209,26.643776
GreatHornbill,73.801754,16.945074
GreatHornbill,78.959985,29.431749
GreatHornbill,92.812097,27.087146
GreatHornbill,92.853699,26.950963
GreatHornbill,76.937599,10.351512
GreatHornbill,93.410865,26.582274
GreatHornbill,76.586134,10.304142
GreatHornbill,79.053841,29.481926
GreatHornbill,76.678611,10.8046
GreatHornbill,92.812097,27.087146
GreatHornbill,88.75963,27.00246
GreatHornbill,76.968713,10.342303
GreatHornbill,92.877962,26.932481
GreatHornbill,92.812097,27.087146
GreatHornbill,88.738066,26.741042
GreatHornbill,76.934381,10.35776
GreatHornbill,76.934381,10.35776
GreatHornbill,93.398209,26.643776
GreatHornbill,92.812097,27.087146
GreatHornbill,76.93679,10.35358
GreatHornbill,92.812097,27.087146
GreatHornbill,76.953735,10.329072
GreatHornbill,73.775489,15.662751
GreatHornbill,74.206188,14.976075
GreatHornbill,92.812097,27.087146
GreatHornbill,88.75963,27.00246
GreatHornbill,96.399904,27.498596
GreatHornbill,88.75963,27.00246
GreatHornbill,76.934381,10.35776
GreatHornbill,76.934381,10.35776
GreatHornbill,77.546482,9.598166
GreatHornbill,76.934381,10.35776
GreatHornbill,88.75963,27.00246
GreatHornbill,76.934381,10.35776
GreatHornbill,92.812097,27.087146
GreatHornbill,93.176551,26.569491
GreatHornbill,76.98077,10.36277
GreatHornbill,73.401845,18.415982
GreatHornbill,74.367996,15.33148
GreatHornbill,76.828299,10.279426
GreatHornbill,74.206188,14.976075
GreatHornbill,76.953735,10.329072
GreatHornbill,93.266338,26.615357
GreatHornbill,92.812097,27.087146
GreatHornbill,93.266338,26.615357
GreatHornbill,76.953735,10.329072
GreatHornbill,76.953735,10.329072
GreatHornbill,74.206188,14.976075
GreatHornbill,74.367996,15.33148
GreatHornbill,76.934381,10.35776
GreatHornbill,96.431489,27.514736
GreatHornbill,76.953735,10.329072
GreatHornbill,76.586134,10.304142
GreatHornbill,93.399872,26.581676
GreatHornbill,76.934381,10.35776
GreatHornbill,91.019025,26.738358
GreatHornbill,92.826778,26.921469
GreatHornbill,91.003322,26.677602
GreatHornbill,79.053841,29.481926
GreatHornbill,76.586134,10.304142
GreatHornbill,93.340019,26.58456
GreatHornbill,76.586134,10.304142
GreatHornbill,93.398209,26.643776
GreatHornbill,76.646633,11.530741
GreatHornbill,92.826778,26.921469
GreatHornbill,76.586134,10.304142
GreatHornbill,93.176551,26.569491
GreatHornbill,76.586134,10.304142
GreatHornbill,93.41946,26.649729
GreatHornbill,76.982639,10.357054
GreatHornbill,78.862036,29.586357
GreatHornbill,76.934381,10.35776
GreatHornbill,76.953735,10.329072
GreatHornbill,92.853699,26.950963
GreatHornbill,88.342737,26.835816
GreatHornbill,76.993089,10.369185
GreatHornbill,93.525148,26.609441
GreatHornbill,91.019025,26.738358
GreatHornbill,76.823766,10.45076
GreatHornbill,76.953735,10.329072
GreatHornbill,76.586134,10.304142
GreatHornbill,76.953735,10.329072
GreatHornbill,76.953735,10.329072
GreatHornbill,76.586134,10.304142
GreatHornbill,76.953735,10.329072
GreatHornbill,76.953735,10.329072
GreatHornbill,93.399872,26.581676
GreatHornbill,96.441646,27.53874
GreatHornbill,76.958799,10.370029
GreatHornbill,91.019025,26.738358
GreatHornbill,76.933204,10.357589
GreatHornbill,93.41946,26.649729
GreatHornbill,88.342737,26.835816
GreatHornbill,78.203559,29.963662
GreatHornbill,88.412812,26.81118
GreatHornbill,76.953735,10.329072
GreatHornbill,76.993089,10.369185
GreatHornbill,76.586134,10.304142
GreatHornbill,76.953735,10.329072
GreatHornbill,93.41946,26.649729
GreatHornbill,76.934381,10.35776
GreatHornbill,93.41946,26.649729
GreatHornbill,76.68869,10.533214
GreatHornbill,76.599459,11.508645
GreatHornbill,76.993089,10.369185
GreatHornbill,76.586134,10.304142
GreatHornbill,76.98077,10.36277
GreatHornbill,76.993089,10.369185
GreatHornbill,76.586134,10.304142
GreatHornbill,76.982639,10.357054
GreatHornbill,76.982639,10.357054
GreatHornbill,91.019025,26.738358
GreatHornbill,79.053841,29.481926
GreatHornbill,76.745714,10.532201
GreatHornbill,76.586134,10.304142
GreatHornbill,78.862036,29.586357
GreatHornbill,93.41946,26.649729
GreatHornbill,76.98077,10.36277
GreatHornbill,92.554407,27.103936
GreatHornbill,76.958799,10.370029
GreatHornbill,76.953735,10.329072
GreatHornbill,76.586134,10.304142
GreatHornbill,93.176551,26.569491
GreatHornbill,93.398209,26.643776
GreatHornbill,79.053841,29.481926
GreatHornbill,76.68869,10.533214
GreatHornbill,76.586134,10.304142
GreatHornbill,76.953735,10.329072
GreatHornbill,93.525148,26.609441
GreatHornbill,76.98077,10.36277
GreatHornbill,88.342737,26.835816
GreatHornbill,92.833722,26.932262
GreatHornbill,96.441646,27.53874
GreatHornbill,76.993089,10.369185
GreatHornbill,93.176551,26.569491
GreatHornbill,76.599459,11.508645
GreatHornbill,76.953735,10.329072
GreatHornbill,74.335685,15.398494
GreatHornbill,76.586134,10.304142
GreatHornbill,76.586134,10.304142
GreatHornbill,89.7,26.69
GreatHornbill,79.053841,29.481926
GreatHornbill,76.586134,10.304142
GreatHornbill,76.990376,10.261589
GreatHornbill,76.937599,10.351512
GreatHornbill,76.958799,10.370029
GreatHornbill,93.41946,26.649729
GreatHornbill,76.958799,10.370029
GreatHornbill,78.862036,29.586357
GreatHornbill,76.993089,10.369185
GreatHornbill,93.41946,26.649729
GreatHornbill,76.993089,10.369185
GreatHornbill,76.993089,10.369185
GreatHornbill,92.826778,26.921469
GreatHornbill,76.586134,10.304142
GreatHornbill,76.688948,10.128751
GreatHornbill,76.937599,10.351512
GreatHornbill,79.527697,29.352341
GreatHornbill,76.937599,10.351512
GreatHornbill,76.953735,10.329072
GreatHornbill,92.812097,27.087146
GreatHornbill,76.934381,10.35776
GreatHornbill,76.903583,10.341089
GreatHornbill,76.8538,10.304
GreatHornbill,92.826778,26.921469
GreatHornbill,76.8538,10.304
GreatHornbill,77.973506,30.282495
GreatHornbill,92.828164,26.923505
GreatHornbill,79.075298,29.440345
GreatHornbill,77.175436,9.609567
GreatHornbill,92.395878,27.106475
GreatHornbill,76.937599,10.351512
GreatHornbill,91.197149,26.735765
GreatHornbill,92.826778,26.921469
GreatHornbill,76.937599,10.351512
GreatHornbill,76.586134,10.304142
GreatHornbill,76.937599,10.351512
GreatHornbill,92.853699,26.950963
GreatHornbill,76.688948,10.128751
GreatHornbill,76.837864,10.296932
GreatHornbill,74.448724,14.634663
GreatHornbill,76.937599,10.351512
GreatHornbill,76.953735,10.329072
GreatHornbill,76.8538,10.304
GreatHornbill,79.22533,29.377927
GreatHornbill,76.903583,10.341089
GreatHornbill,91.019025,26.738358
GreatHornbill,76.903583,10.341089
GreatHornbill,76.937599,10.351512
GreatHornbill,76.8538,10.304
GreatHornbill,76.903583,10.341089
GreatHornbill,92.812097,27.087146
GreatHornbill,77.237331,9.46156
GreatHornbill,77.16844,9.6018
GreatHornbill,79.053841,29.481926
GreatHornbill,92.812097,27.087146
GreatHornbill,76.688948,10.128751
GreatHornbill,92.812097,27.087146
GreatHornbill,92.812097,27.087146
GreatHornbill,91.019025,26.738358
GreatHornbill,76.588837,10.358574
GreatHornbill,76.688948,10.128751
GreatHornbill,74.358755,14.998189
GreatHornbill,74.388471,14.584497
GreatHornbill,76.903583,10.341089
GreatHornbill,74.520586,15.292361
GreatHornbill,92.395878,27.106475
GreatHornbill,75.964928,11.884255
GreatHornbill,92.812097,27.087146
GreatHornbill,92.812097,27.087146
GreatHornbill,76.665087,10.495745
GreatHornbill,79.053841,29.481926
GreatHornbill,76.903583,10.341089
GreatHornbill,79.075298,29.440345
GreatHornbill,74.448724,14.634663
GreatHornbill,76.961117,10.351623
GreatHornbill,76.634896,10.301197
GreatHornbill,77.464943,8.462864
GreatHornbill,76.961117,10.351623
GreatHornbill,76.9697,10.338118
GreatHornbill,88.873279,26.863242
GreatHornbill,92.812097,27.087146
GreatHornbill,76.97,10.37
GreatHornbill,78.905804,29.458648
GreatHornbill,76.982639,10.357054
GreatHornbill,73.801754,16.945074
GreatHornbill,76.992724,10.394539
GreatHornbill,76.77569,10.392879
GreatHornbill,73.251193,17.858274
GreatHornbill,77.4115,9.58778
GreatHornbill,76.992724,10.394539
GreatHornbill,76.77569,10.392879
GreatHornbill,76.858699,10.283653
GreatHornbill,76.961117,10.351623
GreatHornbill,76.91172,10.31333
GreatHornbill,76.858699,10.283653
GreatHornbill,76.755514,10.302364
GreatHornbill,76.982894,10.448275
GreatHornbill,76.858699,10.283653
GreatHornbill,74.520586,15.292361
GreatHornbill,76.996383,10.349012
GreatHornbill,76.996383,10.349012
GreatHornbill,76.603831,10.303139
GreatHornbill,76.858699,10.283653
GreatHornbill,73.962107,15.351139
GreatHornbill,76.858699,10.283653
GreatHornbill,76.586134,10.304142
GreatHornbill,76.684055,10.530514
GreatHornbill,76.961117,10.351623
GreatHornbill,73.875504,15.749828
GreatHornbill,76.880744,10.510742
GreatHornbill,76.858699,10.283653
GreatHornbill,76.961117,10.351623
GreatHornbill,76.700336,10.523984
GreatHornbill,73.962107,15.351139
GreatHornbill,76.953757,10.352467
GreatHornbill,76.684055,10.530514
GreatHornbill,76.953757,10.352467
GreatHornbill,76.603831,10.303139
GreatHornbill,76.961117,10.351623
GreatHornbill,76.91172,10.31333
GreatHornbill,76.858699,10.283653
GreatHornbill,76.968155,10.321664
GreatHornbill,76.934381,10.35776
GreatHornbill,76.984034,10.448805
GreatHornbill,76.953735,10.329072
GreatHornbill,76.574407,10.302368
GreatHornbill,76.96308,10.348948
GreatHornbill,73.723155,15.761259
GreatHornbill,73.723155,15.761259
GreatHornbill,76.953735,10.329072
GreatHornbill,76.452012,10.457428
GreatHornbill,76.992724,10.394539
GreatHornbill,73.723155,15.761259
GreatHornbill,76.844087,10.470088
GreatHornbill,76.934381,10.35776
GreatHornbill,76.844087,10.470088
GreatHornbill,79.807949,29.098777
GreatHornbill,76.8175,10.33282
GreatHornbill,76.718903,10.304451
GreatHornbill,76.983874,10.448787
GreatHornbill,76.934381,10.35776
GreatHornbill,76.849132,10.28164
GreatHornbill,76.992724,10.394539
GreatHornbill,76.938318,10.324071
GreatHornbill,76.4632,10.3798
GreatHornbill,74.123597,15.645602
GreatHornbill,76.61239,11.538011
GreatHornbill,76.934381,10.35776
GreatHornbill,76.968155,10.321664
GreatHornbill,76.953735,10.329072
GreatHornbill,76.844087,10.470088
GreatHornbill,76.984954,10.444643
GreatHornbill,76.934381,10.35776
GreatHornbill,76.649766,10.295021
GreatHornbill,76.953735,10.329072
GreatHornbill,73.551214,15.937273
GreatHornbill,76.983874,10.448787
GreatHornbill,76.934381,10.35776
GreatHornbill,76.934381,10.35776
GreatHornbill,76.999215,10.356181
GreatHornbill,79.381325,29.330875
GreatHornbill,76.960291,10.330355
GreatHornbill,76.72016,10.31274
GreatHornbill,76.817756,10.304819
GreatHornbill,74.245273,15.337457
GreatHornbill,77.016521,10.283958
GreatHornbill,76.960291,10.330355
GreatHornbill,76.61239,11.538011
GreatHornbill,76.934381,10.35776
GreatHornbill,76.779931,10.300533
GreatHornbill,76.712894,10.333758
GreatHornbill,73.723155,15.761259
GreatHornbill,76.984034,10.448805
GreatHornbill,76.960291,10.330355
GreatHornbill,76.934381,10.35776
GreatHornbill,76.4632,10.3798
GreatHornbill,73.723155,15.761259
GreatHornbill,76.666663,10.529802
GreatHornbill,76.934381,10.35776
GreatHornbill,76.934381,10.35776
GreatHornbill,76.779931,10.300533
GreatHornbill,79.010684,29.407894
GreatHornbill,76.968155,10.321664
GreatHornbill,76.844087,10.470088
GreatHornbill,76.71195,10.336857
GreatHornbill,76.779931,10.300533
GreatHornbill,76.968155,10.321664
GreatHornbill,76.984034,10.448805
GreatHornbill,76.984034,10.448805
GreatHornbill,76.452012,10.457428
GreatHornbill,76.96308,10.348948
GreatHornbill,76.960291,10.330355
GreatHornbill,76.933204,10.357589
GreatHornbill,76.934381,10.35776
GreatHornbill,76.961117,10.351623
GreatHornbill,74.978512,13.938624
GreatHornbill,76.961117,10.351623
GreatHornbill,76.934381,10.35776
GreatHornbill,76.68677,10.937063
GreatHornbill,76.709992,10.495684
GreatHornbill,74.991826,13.928716
GreatHornbill,92.812097,27.087146
GreatHornbill,76.96308,10.348948
GreatHornbill,79.037426,29.40825
GreatHornbill,76.961117,10.351623
GreatHornbill,77.168226,9.591779
GreatHornbill,76.933204,10.357589
GreatHornbill,76.962681,10.581062
GreatHornbill,76.68677,10.937063
GreatHornbill,76.934381,10.35776
GreatHornbill,74.978512,13.938624
GreatHornbill,76.965966,10.343629
GreatHornbill,76.709992,10.495684
GreatHornbill,92.812097,27.087146
GreatHornbill,92.812097,27.087146
GreatHornbill,78.970971,29.389953
GreatHornbill,74.978512,13.938624
GreatHornbill,74.978512,13.938624
GreatHornbill,76.81308,10.287601
GreatHornbill,76.68677,10.937063
GreatHornbill,74.991826,13.928716
GreatHornbill,92.97715,26.93853
GreatHornbill,92.812097,27.087146
GreatHornbill,74.53316,15.28242
GreatHornbill,88.34274,26.83582
GreatHornbill,76.937599,10.351512
GreatHornbill,76.937599,10.351512
GreatHornbill,76.934381,10.35776
GreatHornbill,76.937599,10.351512
GreatHornbill,92.812097,27.087146
GreatHornbill,76.934381,10.35776
GreatHornbill,76.960291,10.330355
GreatHornbill,78.905804,29.458648
GreatHornbill,93.398209,26.643776
GreatHornbill,88.34274,26.83582
GreatHornbill,79.053841,29.481926
GreatHornbill,92.8289,26.9196
GreatHornbill,92.812097,27.087146
GreatHornbill,76.934381,10.35776
GreatHornbill,76.960291,10.330355
GreatHornbill,76.934381,10.35776
GreatHornbill,93.394325,26.580981
GreatHornbill,74.991826,13.928716
GreatHornbill,74.35902,14.912925
GreatHornbill,93.394904,26.584996
GreatHornbill,74.342723,15.386495
GreatHornbill,77.065643,10.086275
GreatHornbill,74.2297,15.568309
GreatHornbill,74.2297,15.568309
GreatHornbill,79.053841,29.481926
GreatHornbill,73.962107,15.351139
GreatHornbill,93.394904,26.584996
GreatHornbill,79.14966,29.45913
GreatHornbill,74.0989,15.7975
GreatHornbill,76.934381,10.35776
GreatHornbill,73.944941,15.355873
GreatHornbill,73.962107,15.351139
GreatHornbill,92.812097,27.087146
GreatHornbill,88.34274,26.83582
GreatHornbill,92.812097,27.087146
GreatHornbill,88.34274,26.83582
GreatHornbill,76.953735,10.329072
GreatHornbill,76.96765,10.46134
GreatHornbill,88.34274,26.83582
GreatHornbill,76.934381,10.35776
GreatHornbill,76.88138,10.511626
GreatHornbill,79.144539,29.456093
GreatHornbill,79.0737,29.602809
GreatHornbill,76.960291,10.330355
GreatHornbill,73.944941,15.355873
GreatHornbill,79.053841,29.481926
GreatHornbill,76.934381,10.35776
GreatHornbill,76.937599,10.351512
GreatHornbill,78.267683,29.903814
GreatHornbill,73.940134,15.37615
GreatHornbill,76.934381,10.35776
GreatHornbill,91.775494,25.822994
GreatHornbill,92.812097,27.087146
GreatHornbill,92.812097,27.087146
GreatHornbill,92.812097,27.087146
GreatHornbill,79.807949,29.098777
GreatHornbill,95.671134,27.396155
GreatHornbill,74.144587,15.508219
GreatHornbill,76.934381,10.35776
GreatHornbill,92.812097,27.087146
GreatHornbill,76.934381,10.35776
GreatHornbill,74.520586,15.292361
GreatHornbill,76.961117,10.351623
GreatHornbill,95.671134,27.396155
GreatHornbill,76.98077,10.36277
GreatHornbill,74.520586,15.292361
GreatHornbill,76.903583,10.341089
GreatHornbill,74.200115,15.410996
GreatHornbill,77.29557,8.628591
GreatHornbill,76.620648,10.861988
GreatHornbill,79.126968,29.406703
GreatHornbill,78.20766,29.74183
GreatHornbill,76.903583,10.341089
GreatHornbill,76.844087,10.470088
GreatHornbill,92.812097,27.087146
GreatHornbill,75.860836,11.949319
GreatHornbill,93.512844,26.694091
GreatHornbill,92.812097,27.087146
GreatHornbill,76.891133,10.356915
GreatHornbill,74.520586,15.292361
GreatHornbill,76.961117,10.351623
GreatHornbill,92.812097,27.087146
GreatHornbill,76.961117,10.351623
GreatHornbill,76.961117,10.351623
GreatHornbill,78.905804,29.458648
GreatHornbill,76.961117,10.351623
GreatHornbill,76.961117,10.351623
GreatHornbill,92.812097,27.087146
GreatHornbill,77.29557,8.628591
GreatHornbill,92.812097,27.087146
GreatHornbill,74.520586,15.292361
GreatHornbill,93.398209,26.643776
GreatHornbill,95.671134,27.396155
GreatHornbill,78.862036,29.586357
GreatHornbill,76.98077,10.36277
GreatHornbill,76.935688,10.354661
GreatHornbill,76.999215,10.356181
GreatHornbill,92.812097,27.087146
GreatHornbill,76.98397,10.344116
GreatHornbill,76.891133,10.356915
GreatHornbill,77.29557,8.628591
GreatHornbill,76.903583,10.341089
GreatHornbill,76.903583,10.341089
GreatHornbill,76.961117,10.351623
GreatHornbill,92.812097,27.087146
GreatHornbill,76.961117,10.351623
GreatHornbill,74.520586,15.292361
GreatHornbill,79.075298,29.440345
GreatHornbill,76.954426,10.32806
GreatHornbill,74.520586,15.292361
GreatHornbill,74.2297,15.568309
GreatHornbill,92.812097,27.087146
GreatHornbill,93.398209,26.643776
GreatHornbill,76.87107,10.284624
GreatHornbill,76.953735,10.329072
GreatHornbill,74.2297,15.568309
GreatHornbill,76.75154,10.246006
GreatHornbill,76.75154,10.246006
GreatHornbill,76.953735,10.329072
GreatHornbill,93.398209,26.643776
GreatHornbill,76.75154,10.246006
GreatHornbill,77.176521,8.916895
GreatHornbill,76.953735,10.329072
GreatHornbill,77.180328,9.576376
GreatHornbill,74.520586,15.292361
GreatHornbill,90.837203,26.645951
GreatHornbill,76.953735,10.329072
GreatHornbill,76.953735,10.329072
GreatHornbill,74.2297,15.568309
GreatHornbill,76.934381,10.35776
GreatHornbill,74.2297,15.568309
GreatHornbill,74.2297,15.568309
GreatHornbill,76.953735,10.329072
GreatHornbill,78.9961,29.4141
GreatHornbill,79.333472,29.314111
GreatHornbill,76.991412,10.367492
GreatHornbill,76.383133,10.29785
GreatHornbill,88.342737,26.835816
GreatHornbill,79.053841,29.481926
GreatHornbill,79.11624,29.412928
GreatHornbill,77.113037,9.579761
GreatHornbill,79.053841,29.481926
GreatHornbill,79.053841,29.481926
GreatHornbill,77.098489,8.901777
GreatHornbill,92.828979,26.928804
GreatHornbill,93.520517,26.64092
GreatHornbill,92.42762,23.67001
GreatHornbill,76.953735,10.329072
GreatHornbill,92.41504,23.67188
GreatHornbill,89.561234,26.649914
GreatHornbill,78.920975,29.506275
GreatHornbill,88.275147,26.63502
GreatHornbill,76.383133,10.29785
GreatHornbill,79.109926,29.565208
GreatHornbill,76.95331,10.32341
GreatHornbill,92.41504,23.67188
GreatHornbill,78.920975,29.506275
GreatHornbill,76.424117,11.084922
GreatHornbill,92.419664,23.671647
GreatHornbill,92.42303,23.67256
GreatHornbill,93.398209,26.643776
GreatHornbill,91.019025,26.738358
GreatHornbill,92.42762,23.67001
GreatHornbill,79.22258,29.4082
GreatHornbill,91.748564,26.092328
GreatHornbill,92.42303,23.67256
GreatHornbill,93.398209,26.643776
GreatHornbill,76.953735,10.329072
GreatHornbill,92.419664,23.671647
GreatHornbill,79.053841,29.481926
GreatHornbill,92.853699,26.950963
GreatHornbill,76.937513,10.322519
GreatHornbill,92.994289,26.524574
GreatHornbill,79.053841,29.481926
GreatHornbill,92.853699,26.950963
GreatHornbill,92.40643,23.69445
GreatHornbill,77.168226,9.591779
GreatHornbill,91.655482,26.226762
GreatHornbill,92.994289,26.524574
GreatHornbill,92.853699,26.950963
GreatHornbill,78.212271,29.974714
GreatHornbill,77.180328,9.576376
GreatHornbill,76.780572,10.303435
GreatHornbill,91.019025,26.738358
GreatHornbill,79.053841,29.481926
GreatHornbill,92.994289,26.524574
GreatHornbill,93.398209,26.643776
GreatHornbill,79.053841,29.481926
GreatHornbill,73.139082,18.132275
GreatHornbill,93.170999,26.577661
GreatHornbill,92.423859,23.67372
GreatHornbill,76.592206,10.312122
GreatHornbill,79.01085,29.40747
GreatHornbill,92.42271,23.68009
GreatHornbill,92.40643,23.69445
GreatHornbill,76.949251,10.325855
GreatHornbill,90.994606,26.698079
GreatHornbill,91.231003,26.793561
GreatHornbill,76.76993,10.38838
GreatHornbill,76.953735,10.329072
GreatHornbill,76.982639,10.357054
GreatHornbill,92.853699,26.950963
GreatHornbill,91.019025,26.738358
GreatHornbill,92.439,23.67522
GreatHornbill,93.398209,26.643776
GreatHornbill,93.398209,26.643776
GreatHornbill,76.78408,10.44642
GreatHornbill,76.950302,10.323364
GreatHornbill,79.053841,29.481926
GreatHornbill,92.37414,23.69141
GreatHornbill,79.053841,29.481926
GreatHornbill,89.611231,26.703032
GreatHornbill,91.019025,26.738358
GreatHornbill,92.37414,23.69141
GreatHornbill,91.019025,26.738358
GreatHornbill,76.586134,10.304142
GreatHornbill,77.159901,9.438833
GreatHornbill,77.159901,9.438833
GreatHornbill,92.853699,26.950963
GreatHornbill,93.181315,26.580757
GreatHornbill,76.953735,10.329072
GreatHornbill,92.812097,27.087146
GreatHornbill,92.812097,27.087146
GreatHornbill,79.520627,29.3214
GreatHornbill,74.238052,15.435413
GreatHornbill,74.238052,15.435413
GreatHornbill,76.953735,10.329072
GreatHornbill,92.853699,26.950963
GreatHornbill,76.953735,10.329072
GreatHornbill,92.812097,27.087146
GreatHornbill,74.238052,15.435413
GreatHornbill,92.853699,26.950963
GreatHornbill,76.953735,10.329072
GreatHornbill,93.266338,26.615357
GreatHornbill,89.580027,26.672522
GreatHornbill,76.92325,10.35079
GreatHornbill,76.953735,10.329072
GreatHornbill,76.953735,10.329072
GreatHornbill,76.953735,10.329072
GreatHornbill,76.934381,10.35776
GreatHornbill,76.953735,10.329072
GreatHornbill,74.2297,15.568309
GreatHornbill,78.203559,29.963662
GreatHornbill,76.953735,10.329072
GreatHornbill,77.236633,9.467011
GreatHornbill,74.2297,15.568309
GreatHornbill,76.953735,10.329072
GreatHornbill,76.933204,10.357589
GreatHornbill,92.812097,27.087146
GreatHornbill,92.812097,27.087146
GreatHornbill,76.953735,10.329072
GreatHornbill,76.953735,10.329072
GreatHornbill,76.953735,10.329072
GreatHornbill,79.251854,29.399402
GreatHornbill,76.953735,10.329072
GreatHornbill,79.22533,29.377927
GreatHornbill,79.136787,29.456373
GreatHornbill,76.693679,10.535134
GreatHornbill,74.520586,15.292361
GreatHornbill,76.982639,10.357054
GreatHornbill,76.953735,10.329072
GreatHornbill,77.166841,9.604336
GreatHornbill,76.383133,10.29785
GreatHornbill,77.123423,10.425183
GreatHornbill,76.937599,10.351512
GreatHornbill,92.8289,26.9196
GreatHornbill,76.953735,10.329072
GreatHornbill,76.953735,10.329072
GreatHornbill,76.953735,10.329072
GreatHornbill,76.953735,10.329072
GreatHornbill,76.982639,10.357054
GreatHornbill,77.166841,9.604336
GreatHornbill,76.953735,10.329072
GreatHornbill,92.8289,26.9196
GreatHornbill,92.8289,26.9196
GreatHornbill,92.8289,26.9196
GreatHornbill,74.627724,15.237815
GreatHornbill,77.26294,9.514587
GreatHornbill,92.8289,26.9196
GreatHornbill,76.953735,10.329072
GreatHornbill,77.273884,9.45956
GreatHornbill,92.8289,26.9196
GreatHornbill,76.953735,10.329072
GreatHornbill,77.118359,9.535749
GreatHornbill,92.8289,26.9196
GreatHornbill,74.627724,15.237815
GreatHornbill,76.713152,10.512539
GreatHornbill,77.273884,9.45956
GreatHornbill,76.383133,10.29785
GreatHornbill,76.828299,10.279426
GreatHornbill,94.230359,25.376848
GreatHornbill,92.8289,26.9196
GreatHornbill,74.238052,15.435413
GreatHornbill,76.442485,10.450253
GreatHornbill,77.143593,9.52119
GreatHornbill,76.903583,10.341089
GreatHornbill,77.084026,9.453803
GreatHornbill,76.508703,10.436874
GreatHornbill,76.466947,10.5014
GreatHornbill,76.484199,10.48241
GreatHornbill,76.462569,10.444767
GreatHornbill,76.442485,10.450253
GreatHornbill,76.462569,10.444767
GreatHornbill,76.869943,11.336701
GreatHornbill,77.395377,9.712303
GreatHornbill,77.395377,9.712303
GreatHornbill,76.903583,10.341089
GreatHornbill,77.060997,10.089438
GreatHornbill,76.98077,10.36277
GreatHornbill,79.053841,29.481926
GreatHornbill,76.461453,10.41404
GreatHornbill,77.395377,9.712303
GreatHornbill,76.513038,10.45
GreatHornbill,77.402415,9.704404
GreatHornbill,77.391558,9.699474
GreatHornbill,74.238052,15.435413
GreatHornbill,77.391558,9.699474
GreatHornbill,76.462569,10.444767
GreatHornbill,79.12699,29.406653
GreatHornbill,76.461453,10.41404
GreatHornbill,92.853699,26.950963
GreatHornbill,77.391558,9.699474
GreatHornbill,74.238052,15.435413
GreatHornbill,76.442485,10.450253
GreatHornbill,77.395377,9.712303
GreatHornbill,77.084026,9.453803
GreatHornbill,76.442485,10.450253
GreatHornbill,77.084026,9.453803
GreatHornbill,77.084026,9.453803
GreatHornbill,76.466947,10.5014
GreatHornbill,76.508703,10.436874
GreatHornbill,77.084026,9.453803
GreatHornbill,77.143593,9.52119
GreatHornbill,76.484199,10.48241
GreatHornbill,77.084026,9.453803
GreatHornbill,79.053841,29.481926
GreatHornbill,77.143593,9.52119
GreatHornbill,79.053841,29.481926
GreatHornbill,76.513038,10.45
GreatHornbill,77.143593,9.52119
GreatHornbill,76.982639,10.357054
GreatHornbill,74.200716,15.411268
GreatHornbill,76.513038,10.45
GreatHornbill,74.599571,15.257921
GreatHornbill,76.934381,10.35776
GreatHornbill,79.053841,29.481926
GreatHornbill,96.441646,27.53874
GreatHornbill,74.576612,14.919496
GreatHornbill,79.222286,29.408285
GreatHornbill,88.342737,26.835816
GreatHornbill,76.934381,10.35776
GreatHornbill,76.934381,10.35776
GreatHornbill,78.862036,29.586357
GreatHornbill,76.953735,10.329072
GreatHornbill,76.937599,10.351512
GreatHornbill,93.058662,26.578498
GreatHornbill,92.993811,26.525273
GreatHornbill,76.934381,10.35776
GreatHornbill,79.709847,11.53111
GreatHornbill,78.774651,29.53
GreatHornbill,76.934381,10.35776
GreatHornbill,76.937599,10.351512
GreatHornbill,76.934381,10.35776
GreatHornbill,88.342737,26.835816
GreatHornbill,88.827649,26.841131
GreatHornbill,76.934381,10.35776
GreatHornbill,74.238052,15.435413
GreatHornbill,76.844087,10.470088
GreatHornbill,93.520517,26.64092
GreatHornbill,76.934381,10.35776
GreatHornbill,76.934381,10.35776
GreatHornbill,76.934381,10.35776
GreatHornbill,76.844087,10.470088
GreatHornbill,96.441646,27.53874
GreatHornbill,74.264488,15.340081
GreatHornbill,88.342737,26.835816
GreatHornbill,74.264488,15.340081
GreatHornbill,88.342737,26.835816
GreatHornbill,96.441646,27.53874
GreatHornbill,76.934381,10.35776
GreatHornbill,88.342737,26.835816
GreatHornbill,96.441646,27.53874
GreatHornbill,92.827795,26.924096
GreatHornbill,76.934381,10.35776
GreatHornbill,76.844087,10.470088
GreatHornbill,74.520586,15.292361
GreatHornbill,76.953735,10.329072
GreatHornbill,76.934381,10.35776
GreatHornbill,96.441646,27.53874
GreatHornbill,77.012863,10.504994
GreatHornbill,78.862036,29.586357
GreatHornbill,76.933204,10.357589
GreatHornbill,76.718642,10.312576
GreatHornbill,93.398209,26.643776
GreatHornbill,74.176941,15.659404
GreatHornbill,74.576612,14.919496
GreatHornbill,76.934381,10.35776
GreatHornbill,74.533052,15.196247
GreatHornbill,78.774651,29.53
GreatHornbill,76.92157,10.340631
GreatHornbill,76.844087,10.470088
GreatHornbill,76.993089,10.369185
GreatHornbill,76.844087,10.470088
GreatHornbill,76.844087,10.470088
GreatHornbill,76.92157,10.340631
GreatHornbill,76.77972,10.33278
GreatHornbill,76.844087,10.470088
GreatHornbill,74.23367,15.439401
GreatHornbill,77.184448,9.497826
GreatHornbill,76.953735,10.329072
GreatHornbill,76.953735,10.329072
GreatHornbill,79.053841,29.481926
GreatHornbill,79.381325,29.330875
GreatHornbill,79.053841,29.481926
GreatHornbill,79.381325,29.330875
GreatHornbill,76.953735,10.329072
GreatHornbill,92.828979,26.873081
GreatHornbill,93.398208,26.643776
GreatHornbill,76.953735,10.329072
GreatHornbill,92.812097,27.087146
GreatHornbill,92.853699,26.950963
GreatHornbill,92.853699,26.950963
GreatHornbill,93.398209,26.643776
GreatHornbill,92.827617,26.923844
GreatHornbill,93.398209,26.643776
GreatHornbill,93.181315,26.580757
GreatHornbill,93.41946,26.649729
GreatHornbill,78.862036,29.586357
GreatHornbill,93.398209,26.643776
GreatHornbill,79.053841,29.481926
GreatHornbill,93.398209,26.643776
GreatHornbill,92.827435,26.924722
GreatHornbill,92.853699,26.950963
GreatHornbill,93.339123,26.63457
GreatHornbill,79.075298,29.440345
GreatHornbill,92.853699,26.950963
GreatHornbill,92.853699,26.950963
GreatHornbill,93.339123,26.63457
GreatHornbill,92.853699,26.950963
GreatHornbill,93.325596,26.619797
GreatHornbill,93.398209,26.643776
GreatHornbill,91.818237,26.126467
GreatHornbill,93.339123,26.63457
GreatHornbill,78.267683,29.903814
GreatHornbill,92.853699,26.950963
GreatHornbill,93.260365,26.579777
GreatHornbill,93.266338,26.615357
GreatHornbill,92.853699,26.950963
GreatHornbill,92.853699,26.950963
GreatHornbill,77.553692,10.208165
GreatHornbill,79.133148,29.396758
GreatHornbill,77.23858,9.4582
GreatHornbill,93.399992,26.590645
GreatHornbill,76.953735,10.329072
GreatHornbill,76.953735,10.329072
GreatHornbill,74.750012,14.848079
GreatHornbill,77.977181,30.101772
GreatHornbill,76.690064,10.522919
GreatHornbill,74.520586,15.292361
GreatHornbill,77.176352,9.566237
GreatHornbill,76.690064,10.522919
GreatHornbill,92.812097,27.087146
GreatHornbill,73.530958,17.255622
GreatHornbill,92.877598,26.934109
GreatHornbill,93.41795,26.586839
GreatHornbill,95.606031,27.25771
GreatHornbill,77.176352,9.566237
GreatHornbill,76.96308,10.348948
GreatHornbill,92.877598,26.934109
GreatHornbill,76.56769,10.29689
GreatHornbill,74.520586,15.292361
GreatHornbill,76.56769,10.29689
GreatHornbill,77.119783,9.58432
GreatHornbill,76.933204,10.357589
GreatHornbill,77.553692,10.208165
GreatHornbill,92.419664,23.671647
GreatHornbill,92.853699,26.950963
GreatHornbill,76.844087,10.470088
GreatHornbill,79.053841,29.481926
GreatHornbill,79.053841,29.481926
GreatHornbill,93.398209,26.643776
GreatHornbill,76.841801,10.470004
GreatHornbill,96.415797,27.465184
GreatHornbill,76.844087,10.470088
GreatHornbill,96.415797,27.465184
GreatHornbill,96.391469,27.497283
GreatHornbill,79.053841,29.481926
GreatHornbill,96.415797,27.465184
GreatHornbill,76.844087,10.470088
GreatHornbill,76.844087,10.470088
GreatHornbill,76.844087,10.470088
GreatHornbill,76.844087,10.470088
GreatHornbill,96.415797,27.465184
GreatHornbill,78.862036,29.586357
GreatHornbill,76.6131,11.53864
GreatHornbill,74.246979,15.429853
GreatHornbill,76.83288,10.469174
GreatHornbill,96.415797,27.465184
GreatHornbill,76.6131,11.53864
GreatHornbill,92.812097,27.087146
GreatHornbill,92.812097,27.087146
GreatHornbill,96.415797,27.465184
GreatHornbill,77.111449,8.916616
GreatHornbill,96.415797,27.465184
GreatHornbill,92.812097,27.087146
GreatHornbill,79.140708,29.494264
GreatHornbill,92.812097,27.087146
GreatHornbill,76.841104,10.468795
GreatHornbill,92.829409,24.842359
GreatHornbill,76.595961,11.540748
GreatHornbill,76.969914,10.343207
GreatHornbill,92.807751,26.915109
GreatHornbill,96.391469,27.497283
GreatHornbill,96.214657,27.493532
GreatHornbill,79.053841,29.481926
GreatHornbill,79.075222,29.505958
GreatHornbill,96.441646,27.53874
GreatHornbill,96.415797,27.465184
GreatHornbill,91.003322,26.677602
GreatHornbill,79.053841,29.481926
GreatHornbill,78.636514,29.590364
GreatHornbill,92.853699,26.950963
GreatHornbill,79.053841,29.481926
GreatHornbill,76.987145,10.432759
GreatHornbill,77.180328,9.576376
GreatHornbill,73.412833,18.46292
GreatHornbill,79.053841,29.481926
GreatHornbill,77.180328,9.576376
GreatHornbill,77.180328,9.576376
GreatHornbill,77.180328,9.576376
GreatHornbill,77.180328,9.576376
GreatHornbill,77.180328,9.576376
GreatHornbill,73.612795,15.897261
GreatHornbill,73.612534,15.909076
GreatHornbill,77.180688,9.578894
GreatHornbill,77.151893,9.56191
GreatHornbill,74.599571,15.257921
GreatHornbill,78.523487,29.692368
GreatHornbill,76.872668,10.517349
GreatHornbill,78.211905,29.970333
GreatHornbill,74.358755,14.998189
GreatHornbill,73.995897,15.961824
GreatHornbill,77.180328,9.576376
GreatHornbill,74.520586,15.292361
GreatHornbill,76.684313,10.964006
GreatHornbill,74.520586,15.292361
GreatHornbill,93.398209,26.643776
GreatHornbill,77.180328,9.576376
GreatHornbill,79.053841,29.481926
GreatHornbill,93.398209,26.643776
GreatHornbill,75.93553,11.93742
GreatHornbill,76.734127,10.323589
GreatHornbill,93.398209,26.643776
GreatHornbill,77.024127,8.760109
GreatHornbill,74.233675,15.43926
GreatHornbill,78.774462,29.531794
GreatHornbill,78.774462,29.531794
GreatHornbill,74.62384,15.259213
GreatHornbill,74.23367,15.439401
GreatHornbill,76.21208,11.42289
GreatHornbill,76.785851,10.236546
GreatHornbill,76.80469,10.25555
GreatHornbill,76.80469,10.25555
GreatHornbill,76.801472,10.159167
GreatHornbill,76.810827,10.280127
GreatHornbill,77.091993,8.914486
GreatHornbill,76.574505,10.198013
GreatHornbill,77.100884,8.921614
GreatHornbill,77.21754,8.857578
GreatHornbill,76.64731,10.94608
GreatHornbill,92.828035,26.924901
GreatHornbill,92.827971,26.923653
GreatHornbill,76.64731,10.94608
GreatHornbill,93.398209,26.643776
GreatHornbill,76.66758,10.96014
GreatHornbill,76.6345,10.90381
GreatHornbill,79.107399,29.462916
GreatHornbill,93.398209,26.643776
GreatHornbill,74.62384,15.259213
GreatHornbill,73.404669,18.447288
GreatHornbill,77.365959,10.295623
GreatHornbill,77.109527,8.766403
GreatHornbill,76.679624,10.532813
GreatHornbill,77.391884,8.413196
GreatHornbill,76.684055,10.530514
GreatHornbill,92.817736,27.098268
GreatHornbill,92.812097,27.087146
GreatHornbill,77.180328,9.576376
GreatHornbill,77.180328,9.576376
GreatHornbill,79.053841,29.481926
GreatHornbill,96.415797,27.465184
GreatHornbill,96.391469,27.497283
GreatHornbill,92.812097,27.087146
GreatHornbill,74.146203,15.618663
GreatHornbill,92.812097,27.087146
GreatHornbill,92.812097,27.087146
GreatHornbill,79.133462,29.417268
GreatHornbill,79.126968,29.406703
GreatHornbill,96.533099,27.443448
GreatHornbill,96.209428,27.491601
GreatHornbill,96.415797,27.465184
GreatHornbill,96.208186,27.486852
GreatHornbill,96.533099,27.443448
GreatHornbill,96.381978,27.491354
GreatHornbill,92.812097,27.087146
GreatHornbill,79.053841,29.481926
GreatHornbill,74.557474,14.922192
GreatHornbill,96.381978,27.491354
GreatHornbill,78.862036,29.586357
GreatHornbill,92.812097,27.087146
GreatHornbill,96.533099,27.443448
GreatHornbill,96.415797,27.465184
GreatHornbill,96.533099,27.443448
GreatHornbill,96.208186,27.486852
GreatHornbill,92.812097,27.087146
GreatHornbill,77.041111,9.150231
GreatHornbill,77.062397,9.130911
GreatHornbill,77.180328,9.576376
GreatHornbill,93.398209,26.643776
GreatHornbill,77.161961,9.123792
GreatHornbill,77.161961,9.123792
GreatHornbill,77.202301,9.100741
GreatHornbill,79.053841,29.481926
GreatHornbill,76.888762,10.348219
GreatHornbill,76.937599,10.351512
GreatHornbill,92.413516,27.029312
GreatHornbill,93.398209,26.643776
GreatHornbill,93.512844,26.694091
GreatHornbill,74.888387,14.341164
GreatHornbill,92.879242,26.930141
GreatHornbill,92.80014,26.924519
GreatHornbill,92.838914,26.933869
GreatHornbill,74.639778,15.086056
GreatHornbill,93.41946,26.649729
GreatHornbill,96.391469,27.497283
GreatHornbill,96.415797,27.465184
GreatHornbill,93.398209,26.643776
GreatHornbill,88.62,27.15
GreatHornbill,93.151317,26.59554
GreatHornbill,77.402415,9.704404
GreatHornbill,76.844087,10.470088
GreatHornbill,76.844087,10.470088
GreatHornbill,76.955109,10.317622
GreatHornbill,78.121204,30.093752
GreatHornbill,74.206188,14.976075
GreatHornbill,77.236633,9.467011
GreatHornbill,77.236633,9.467011
GreatHornbill,77.236633,9.467011
GreatHornbill,77.179932,9.578563
GreatHornbill,77.174427,8.684812
GreatHornbill,89.582959,26.772798
GreatHornbill,77.174427,8.684812
GreatHornbill,76.953735,10.329072
GreatHornbill,74.264488,15.340081
GreatHornbill,79.444885,29.397282
GreatHornbill,79.444885,29.397282
GreatHornbill,79.145081,29.457075
GreatHornbill,79.145081,29.457075
GreatHornbill,79.053841,29.481926
GreatHornbill,77.159167,9.580783
GreatHornbill,79.145081,29.457075
GreatHornbill,77.147233,9.463183
GreatHornbill,76.921717,9.362467
GreatHornbill,77.276433,9.4825
GreatHornbill,77.17095,9.425017
GreatHornbill,76.98905,9.368333
GreatHornbill,77.149583,9.382933
GreatHornbill,77.071983,8.981683
GreatHornbill,77.085833,9.511067
GreatHornbill,96.422367,27.531183
GreatHornbill,77.069817,9.417567
GreatHornbill,77.3485,9.576017
GreatHornbill,77.369,8.460517
GreatHornbill,74.170579,15.665499
GreatHornbill,78.995948,29.583684
GreatHornbill,94.812055,26.234918
GreatHornbill,79.053841,29.481926
GreatHornbill,76.535021,11.562707
GreatHornbill,74.644246,14.829739
GreatHornbill,76.76405,10.420233
GreatHornbill,76.805033,10.52105
GreatHornbill,76.696883,10.40205
GreatHornbill,76.7245,10.40295
GreatHornbill,76.603833,10.30215
GreatHornbill,76.670639,10.462944
GreatHornbill,76.938613,10.321631
GreatHornbill,76.97,10.37
GreatHornbill,76.673,10.522806
GreatHornbill,92.853699,26.950963
GreatHornbill,79.164004,29.536947
GreatHornbill,76.683444,10.45975
GreatHornbill,76.97,10.37
GreatHornbill,76.742694,10.519972
GreatHornbill,76.737861,10.554
GreatHornbill,76.707083,10.451167
GreatHornbill,76.734389,10.527
GreatHornbill,73.401107,18.436754
GreatHornbill,74.233675,15.43926
GreatHornbill,92.853699,26.950963
GreatHornbill,74.106174,15.44185
GreatHornbill,92.853699,26.950963
GreatHornbill,93.399992,26.590645
GreatHornbill,77.084026,9.453803
GreatHornbill,77.273884,9.45956
GreatHornbill,77.337914,9.537781
GreatHornbill,77.229209,9.540151
GreatHornbill,77.273884,9.45956
GreatHornbill,76.702815,10.305718
GreatHornbill,77.337914,9.537781
GreatHornbill,77.116041,9.524406
GreatHornbill,77.202215,9.598211
GreatHornbill,77.344952,9.574345
GreatHornbill,77.309246,9.587548
GreatHornbill,77.344952,9.574345
GreatHornbill,77.273884,9.45956
GreatHornbill,77.273884,9.45956
GreatHornbill,76.602925,10.332131
GreatHornbill,76.702815,10.305718
GreatHornbill,77.084026,9.453803
GreatHornbill,77.273884,9.45956
GreatHornbill,76.828299,10.279426
GreatHornbill,77.223501,9.517973
GreatHornbill,76.734127,10.323589
GreatHornbill,76.734127,10.323589
GreatHornbill,79.109926,29.565208
GreatHornbill,77.344952,9.574345
GreatHornbill,77.309246,9.587548
GreatHornbill,77.344952,9.574345
GreatHornbill,77.344952,9.574345
GreatHornbill,77.344952,9.574345
GreatHornbill,76.620324,10.348837
GreatHornbill,76.734127,10.323589
GreatHornbill,77.146425,9.555047
GreatHornbill,76.602925,10.332131
GreatHornbill,77.273884,9.45956
GreatHornbill,77.26294,9.514587
GreatHornbill,77.273884,9.45956
GreatHornbill,76.734127,10.323589
GreatHornbill,77.273884,9.45956
GreatHornbill,77.273884,9.45956
GreatHornbill,76.620324,10.348837
GreatHornbill,76.673267,10.273661
GreatHornbill,77.229209,9.540151
GreatHornbill,76.734127,10.323589
GreatHornbill,77.223501,9.517973
GreatHornbill,77.229209,9.540151
GreatHornbill,77.273884,9.45956
GreatHornbill,77.229209,9.540151
GreatHornbill,77.146425,9.555047
GreatHornbill,77.273884,9.45956
GreatHornbill,92.395878,27.106475
GreatHornbill,93.398209,26.643776
GreatHornbill,92.853699,26.950963
GreatHornbill,93.398209,26.643776
GreatHornbill,92.853699,26.950963
GreatHornbill,92.853699,26.950963
GreatHornbill,92.419921,26.994469
GreatHornbill,93.339123,26.63457
GreatHornbill,77.076784,8.766777
GreatHornbill,74.272926,15.050617
GreatHornbill,79.1189,29.456953
GreatHornbill,79.1189,29.456953
GreatHornbill,76.399956,11.306361
GreatHornbill,76.844087,10.470088
GreatHornbill,77.236633,9.467011
GreatHornbill,77.169557,9.569721
GreatHornbill,74.233675,15.43926
GreatHornbill,74.264488,15.340081
GreatHornbill,77.183755,9.588919
GreatHornbill,92.877726,26.932336
GreatHornbill,76.612537,10.98067
GreatHornbill,78.775604,29.529911
GreatHornbill,92.853699,26.950963
GreatHornbill,92.853699,26.950963
GreatHornbill,96.391082,27.498451
GreatHornbill,92.853699,26.950963
GreatHornbill,93.512844,26.694091
GreatHornbill,93.398209,26.643776
GreatHornbill,93.398209,26.643776
GreatHornbill,77.228608,8.823586
GreatHornbill,93.525148,26.609441
GreatHornbill,74.599571,15.257921
GreatHornbill,78.8748,29.576075
GreatHornbill,79.317792,29.319583
GreatHornbill,78.8748,29.576075
GreatHornbill,93.525148,26.609441
GreatHornbill,77.180328,9.576376
GreatHornbill,77.180328,9.576376
GreatHornbill,76.448064,11.094651
GreatHornbill,76.448064,11.094651
GreatHornbill,79.387014,29.334747
GreatHornbill,78.885613,29.552404
GreatHornbill,79.387014,29.334747
GreatHornbill,79.387014,29.334747
GreatHornbill,96.54459,27.454472
GreatHornbill,96.359603,27.496197
GreatHornbill,73.427861,18.240361
GreatHornbill,96.359603,27.496197
GreatHornbill,96.54459,27.454472
GreatHornbill,96.54459,27.454472
GreatHornbill,79.356866,29.323298
GreatHornbill,76.844087,10.470088
GreatHornbill,74.599571,15.257921
GreatHornbill,77.149601,9.470397
GreatHornbill,76.81499,10.29142
GreatHornbill,76.62411,10.3834
GreatHornbill,76.70195,10.54201
GreatHornbill,76.62411,10.3834
GreatHornbill,77.180328,9.576376
GreatHornbill,76.75731,10.51067
GreatHornbill,76.81499,10.29142
GreatHornbill,76.46398,10.42553
GreatHornbill,76.81499,10.29142
GreatHornbill,76.70195,10.54201
GreatHornbill,76.70195,10.54201
GreatHornbill,76.81499,10.29142
GreatHornbill,76.81499,10.29142
GreatHornbill,76.70195,10.54201
GreatHornbill,76.46398,10.42553
GreatHornbill,76.81499,10.29142
GreatHornbill,76.75731,10.51067
GreatHornbill,79.125938,29.391449
GreatHornbill,76.448708,11.195242
GreatHornbill,76.448064,11.094651
GreatHornbill,79.147422,29.480071
GreatHornbill,79.124908,29.389654
GreatHornbill,77.180328,9.576376
GreatHornbill,77.180328,9.576376
GreatHornbill,76.62411,10.3834
GreatHornbill,92.419921,26.994469
GreatHornbill,77.180328,9.576376
GreatHornbill,76.62411,10.3834
GreatHornbill,77.180328,9.576376
GreatHornbill,77.13031,9.45408
GreatHornbill,93.398209,26.643776
GreatHornbill,76.62411,10.3834
GreatHornbill,76.66458,10.38287
GreatHornbill,77.13031,9.45408
GreatHornbill,77.13031,9.45408
GreatHornbill,93.525148,26.609441
GreatHornbill,76.62411,10.3834
GreatHornbill,77.13031,9.45408
GreatHornbill,76.66458,10.38287
GreatHornbill,77.13031,9.45408
GreatHornbill,77.13031,9.45408
GreatHornbill,93.525148,26.609441
GreatHornbill,74.81025,13.83462
GreatHornbill,74.81025,13.83462
GreatHornbill,74.81025,13.83462
GreatHornbill,74.81025,13.83462
GreatHornbill,79.053841,29.481926
GreatHornbill,74.541228,15.266715
GreatHornbill,90.308518,26.69323
GreatHornbill,76.462569,10.444767
GreatHornbill,76.470723,10.427716
GreatHornbill,76.654444,10.379512
GreatHornbill,76.741047,10.453461
GreatHornbill,76.741047,10.453461
GreatHornbill,76.741047,10.453461
GreatHornbill,76.719246,10.467303
GreatHornbill,76.706586,10.466237
GreatHornbill,74.644979,15.082232
GreatHornbill,76.683333,10.366667
GreatHornbill,76.718614,10.406998
GreatHornbill,76.813624,10.356602
GreatHornbill,76.719246,10.467303
GreatHornbill,76.765498,10.376353
GreatHornbill,76.683333,10.366667
GreatHornbill,74.21093,15.375902
GreatHornbill,74.21093,15.375902
GreatHornbill,93.398209,26.643776
GreatHornbill,76.888762,10.348219
GreatHornbill,76.888762,10.348219
GreatHornbill,79.147422,29.480071
GreatHornbill,79.147422,29.480071
GreatHornbill,79.053841,29.481926
GreatHornbill,76.888762,10.348219
GreatHornbill,76.992724,10.394539
GreatHornbill,76.992724,10.394539
GreatHornbill,74.599571,15.257921
GreatHornbill,73.88975,16.47481
GreatHornbill,73.88975,16.47481
GreatHornbill,73.97588,15.9363
GreatHornbill,73.97588,15.9363
GreatHornbill,73.88975,16.47481
GreatHornbill,73.97588,15.9363
GreatHornbill,73.88975,16.47481
GreatHornbill,73.97588,15.9363
GreatHornbill,88.792105,26.752034
GreatHornbill,74.635041,15.165025
GreatHornbill,77.180328,9.576376
GreatHornbill,76.993089,10.369185
GreatHornbill,74.599571,15.257921
GreatHornbill,74.599571,15.257921
GreatHornbill,74.238052,15.435413
GreatHornbill,93.170457,26.592902
GreatHornbill,77.16857,9.603268
GreatHornbill,74.467778,15.022314
GreatHornbill,76.593059,10.303139
GreatHornbill,79.557778,29.344241
GreatHornbill,79.527697,29.352341
GreatHornbill,96.391469,27.497283
GreatHornbill,74.233675,15.43926
GreatHornbill,96.441646,27.53874
GreatHornbill,93.398209,26.643776
GreatHornbill,96.441646,27.53874
GreatHornbill,79.053841,29.481926
GreatHornbill,79.053841,29.481926
GreatHornbill,79.142568,29.487413
GreatHornbill,76.937599,10.351512
GreatHornbill,76.682682,10.450337
GreatHornbill,76.844087,10.470088
GreatHornbill,96.441646,27.53874
GreatHornbill,74.233675,15.43926
GreatHornbill,77.180328,9.576376
GreatHornbill,77.180328,9.576376
GreatHornbill,77.181084,9.576765
GreatHornbill,77.181084,9.576765
GreatHornbill,74.599571,15.257921
GreatHornbill,88.412812,26.81118
GreatHornbill,74.5,15.2
GreatHornbill,76.75029,10.530598
GreatHornbill,76.655645,10.466712
GreatHornbill,76.655645,10.466712
GreatHornbill,76.75029,10.530598
GreatHornbill,76.655645,10.466712
GreatHornbill,76.655645,10.466712
GreatHornbill,76.679624,10.532813
GreatHornbill,76.665087,10.495745
GreatHornbill,76.655645,10.466712
GreatHornbill,76.682682,10.450337
GreatHornbill,76.682682,10.450337
GreatHornbill,76.679624,10.532813
GreatHornbill,76.665087,10.495745
GreatHornbill,76.691523,10.445864
GreatHornbill,76.655645,10.466712
GreatHornbill,76.655645,10.466712
GreatHornbill,76.665087,10.495745
GreatHornbill,76.655645,10.466712
GreatHornbill,76.655645,10.466712
GreatHornbill,76.682682,10.450337
GreatHornbill,76.682682,10.450337
GreatHornbill,76.644402,10.500556
GreatHornbill,76.682682,10.450337
GreatHornbill,76.628802,10.519923
GreatHornbill,76.682682,10.450337
GreatHornbill,76.691523,10.445864
GreatHornbill,76.655645,10.466712
GreatHornbill,76.655645,10.466712
GreatHornbill,76.682682,10.450337
GreatHornbill,76.679624,10.532813
GreatHornbill,76.75029,10.530598
GreatHornbill,76.682682,10.450337
GreatHornbill,76.75029,10.530598
GreatHornbill,76.655645,10.466712
GreatHornbill,76.682682,10.450337
GreatHornbill,74.238052,15.435413
GreatHornbill,76.628802,10.519923
GreatHornbill,90.494884,25.434656
GreatHornbill,78.95462,29.537619
GreatHornbill,90.494884,25.434656
GreatHornbill,90.957849,26.781629
GreatHornbill,79.828331,30.465042
GreatHornbill,90.957849,26.781629
GreatHornbill,91.019025,26.738358
GreatHornbill,93.330231,26.641321
GreatHornbill,74.228359,15.441043
GreatHornbill,79.828331,30.465042
GreatHornbill,74.599571,15.257921
GreatHornbill,74.599571,15.257921
GreatHornbill,95.440979,27.112923
GreatHornbill,88.760364,26.566833
GreatHornbill,74.599571,15.257921
GreatHornbill,76.38794,11.413483
GreatHornbill,79.337983,29.294358
GreatHornbill,79.337983,29.294358
GreatHornbill,74.106174,15.44185
GreatHornbill,79.166708,29.538067
GreatHornbill,76.888762,10.348219
GreatHornbill,79.166708,29.538067
GreatHornbill,79.053841,29.481926
GreatHornbill,79.053841,29.481926
GreatHornbill,79.053841,29.481926
GreatHornbill,93.339123,26.63457
GreatHornbill,79.053841,29.481926
GreatHornbill,93.339123,26.63457
GreatHornbill,79.053841,29.481926
GreatHornbill,93.339123,26.63457
GreatHornbill,79.053841,29.481926
GreatHornbill,93.525148,26.609441
GreatHornbill,93.525148,26.609441
GreatHornbill,93.525148,26.609441
GreatHornbill,93.525148,26.609441
GreatHornbill,93.525148,26.609441
GreatHornbill,93.525148,26.609441
GreatHornbill,76.844087,10.470088
GreatHornbill,79.082764,29.447816
GreatHornbill,77.180688,9.578894
GreatHornbill,76.685965,10.52621
GreatHornbill,89.54892,26.645969
GreatHornbill,76.694913,10.517687
GreatHornbill,76.685965,10.52621
GreatHornbill,79.093602,29.606583
GreatHornbill,89.54892,26.645969
GreatHornbill,77.450098,8.534157
GreatHornbill,77.450098,8.534157
GreatHornbill,93.525148,26.609441
GreatHornbill,77.180688,9.578894
GreatHornbill,77.180688,9.578894
GreatHornbill,88.662404,27.08704
GreatHornbill,76.623087,10.313436
GreatHornbill,76.632187,10.347661
GreatHornbill,75.130474,13.230149
GreatHornbill,77.180328,9.576376
GreatHornbill,78.653827,29.752289
GreatHornbill,76.77569,10.392879
GreatHornbill,76.657816,10.385952
GreatHornbill,78.935957,29.534512
GreatHornbill,79.126968,29.406703
GreatHornbill,96.441646,27.53874
GreatHornbill,76.720973,10.823822
GreatHornbill,92.812097,27.087146
GreatHornbill,92.419664,23.671647
GreatHornbill,77.173677,9.53905
GreatHornbill,92.42303,23.67256
GreatHornbill,92.41845,23.67437
GreatHornbill,77.068092,10.464522
GreatHornbill,92.419664,23.671647
GreatHornbill,92.419664,23.671647
GreatHornbill,92.41264,23.6869
GreatHornbill,79.053841,29.481926
GreatHornbill,92.41845,23.67437
GreatHornbill,92.42303,23.67256
GreatHornbill,92.42303,23.67256
GreatHornbill,92.42303,23.67256
GreatHornbill,92.42303,23.67256
GreatHornbill,92.42303,23.67256
GreatHornbill,78.688245,29.837723
GreatHornbill,73.123148,18.889571
GreatHornbill,76.8333,10.4708
GreatHornbill,79.130684,29.396122
GreatHornbill,78.573913,29.707657
GreatHornbill,78.573913,29.707657
GreatHornbill,78.573913,29.707657
GreatHornbill,78.994915,29.604345
GreatHornbill,77.02107,10.330963
GreatHornbill,76.844087,10.470088
GreatHornbill,76.844087,10.470088
GreatHornbill,76.844087,10.470088
GreatHornbill,77.126083,10.421638
GreatHornbill,76.844087,10.470088
GreatHornbill,76.844087,10.470088
GreatHornbill,76.844087,10.470088
GreatHornbill,76.844087,10.470088
GreatHornbill,76.844087,10.470088
GreatHornbill,76.844087,10.470088
GreatHornbill,76.844087,10.470088
GreatHornbill,76.844087,10.470088
GreatHornbill,76.844087,10.470088
GreatHornbill,77.126083,10.421638
GreatHornbill,76.844087,10.470088
GreatHornbill,76.844087,10.470088
GreatHornbill,76.844087,10.470088
GreatHornbill,76.844087,10.470088
GreatHornbill,78.203559,29.963662
GreatHornbill,78.203559,29.963662
GreatHornbill,78.203559,29.963662
GreatHornbill,92.43091,23.67335
GreatHornbill,92.42271,23.68009
GreatHornbill,92.42271,23.68009
GreatHornbill,76.844087,10.470088
GreatHornbill,76.844087,10.470088
GreatHornbill,76.844087,10.470088
GreatHornbill,76.844087,10.470088
GreatHornbill,76.844087,10.470088
GreatHornbill,76.844087,10.470088
GreatHornbill,76.844087,10.470088
GreatHornbill,76.844087,10.470088
GreatHornbill,76.844087,10.470088
GreatHornbill,76.844087,10.470088
GreatHornbill,76.844087,10.470088
GreatHornbill,76.844087,10.470088
GreatHornbill,76.844087,10.470088
GreatHornbill,76.844087,10.470088
GreatHornbill,76.844087,10.470088
GreatHornbill,76.844087,10.470088
GreatHornbill,76.844087,10.470088
GreatHornbill,76.844087,10.470088
GreatHornbill,76.844087,10.470088
GreatHornbill,76.844087,10.470088
GreatHornbill,76.844087,10.470088
GreatHornbill,76.844087,10.470088
GreatHornbill,76.844087,10.470088
GreatHornbill,76.844087,10.470088
GreatHornbill,76.844087,10.470088
GreatHornbill,76.499047,10.375882
GreatHornbill,76.85046,10.500049
GreatHornbill,79.053841,29.481926
GreatHornbill,74.264488,15.340081
GreatHornbill,76.844087,10.470088
GreatHornbill,76.844087,10.470088
GreatHornbill,76.844087,10.470088
GreatHornbill,76.844087,10.470088
GreatHornbill,76.844087,10.470088
GreatHornbill,76.844087,10.470088
GreatHornbill,77.180328,9.576376
GreatHornbill,79.053841,29.481926
GreatHornbill,76.844087,10.470088
GreatHornbill,76.844087,10.470088
GreatHornbill,76.844087,10.470088
GreatHornbill,74.5075,15.006278
GreatHornbill,78.862036,29.586357
GreatHornbill,79.053841,29.481926
GreatHornbill,77.236633,9.467011
GreatHornbill,77.236633,9.467011
GreatHornbill,77.180328,9.576376
GreatHornbill,93.057203,22.741356
GreatHornbill,90.216667,25.516667
GreatHornbill,90.216667,25.516667
GreatHornbill,91.8833,25.5667
GreatHornbill,89.568611,26.630833
GreatHornbill,88.35,26.9
